2026-05-04T17:33:40+00:00,68596133,Social on Outram,2026-05-08,,SGD,none,0,Sold out on requested dates
2026-05-04T17:33:40+00:00,80245389,Social on Mayo,2026-05-08,87.00,SGD,dom,1,
2026-05-04T17:33:40+00:00,63668683,Hotel JJH,2026-05-08,89.00,SGD,dom,1,
2026-05-04T17:33:40+00:00,45214534,Amrise Hotel Kitchener,2026-05-08,90.00,SGD,dom,1,
2026-05-04T17:33:40+00:00,59828233,A Hotel Bugis,2026-05-08,93.00,SGD,dom,1,
2026-05-04T17:33:40+00:00,79994438,A Hotel Farrer Park,2026-05-08,75.00,SGD,dom,1,
2026-05-04T17:33:40+00:00,59798370,A Hotel Dickson,2026-05-08,55.00,SGD,dom,1,
2026-05-04T17:33:40+00:00,41984142,ST Signature Bugis Middle,2026-05-08,100.00,SGD,dom,1,
2026-05-04T17:41:18+00:00,68596133,Social on Outram,2026-05-08,,SGD,none,0,Sold out on requested dates
2026-05-04T17:41:18+00:00,80245389,Social on Mayo,2026-05-08,87.00,SGD,dom,1,
2026-05-04T17:41:18+00:00,63668683,Hotel JJH,2026-05-08,89.00,SGD,dom,1,
2026-05-04T17:41:18+00:00,45214534,Amrise Hotel Kitchener,2026-05-08,90.00,SGD,dom,1,
2026-05-04T17:41:18+00:00,59828233,A Hotel Bugis,2026-05-08,93.00,SGD,dom,1,
2026-05-04T17:41:18+00:00,79994438,A Hotel Farrer Park,2026-05-08,75.00,SGD,dom,1,
2026-05-04T17:41:18+00:00,59798370,A Hotel Dickson,2026-05-08,55.00,SGD,dom,1,
2026-05-04T17:41:18+00:00,41984142,ST Signature Bugis Middle,2026-05-08,100.00,SGD,dom,1,
2026-05-04T18:46:35+00:00,68596133,Social on Outram,2026-05-08,,SGD,none,0,Sold out on requested dates
2026-05-04T18:46:35+00:00,80245389,Social on Mayo,2026-05-08,87.00,SGD,dom,1,
2026-05-04T18:46:35+00:00,63668683,Hotel JJH,2026-05-08,89.00,SGD,dom,1,
2026-05-04T18:46:35+00:00,45214534,Amrise Hotel Kitchener,2026-05-08,90.00,SGD,dom,1,
2026-05-04T18:46:35+00:00,59828233,A Hotel Bugis,2026-05-08,93.00,SGD,dom,1,
2026-05-04T18:46:35+00:00,79994438,A Hotel Farrer Park,2026-05-08,75.00,SGD,dom,1,
2026-05-04T18:46:35+00:00,59798370,A Hotel Dickson,2026-05-08,55.00,SGD,dom,1,
2026-05-04T18:46:35+00:00,41984142,ST Signature Bugis Middle,2026-05-08,100.00,SGD,dom,1,
2026-05-04T19:41:53+00:00,68596133,Social on Outram,2026-05-08,,SGD,none,0,Sold out on requested dates
2026-05-04T19:41:53+00:00,80245389,Social on Mayo,2026-05-08,87.00,SGD,dom,1,
2026-05-04T19:41:53+00:00,63668683,Hotel JJH,2026-05-08,89.00,SGD,dom,1,
2026-05-04T19:41:53+00:00,45214534,Amrise Hotel Kitchener,2026-05-08,90.00,SGD,dom,1,
2026-05-04T19:41:53+00:00,59828233,A Hotel Bugis,2026-05-08,93.00,SGD,dom,1,
2026-05-04T19:41:53+00:00,79994438,A Hotel Farrer Park,2026-05-08,75.00,SGD,dom,1,
2026-05-04T19:41:53+00:00,59798370,A Hotel Dickson,2026-05-08,55.00,SGD,dom,1,
2026-05-04T19:41:53+00:00,41984142,ST Signature Bugis Middle,2026-05-08,100.00,SGD,dom,1,
2026-05-04T20:39:39+00:00,68596133,Social on Outram,2026-05-08,,SGD,none,0,Sold out on requested dates
2026-05-04T20:39:39+00:00,80245389,Social on Mayo,2026-05-08,87.00,SGD,dom,1,
2026-05-04T20:39:39+00:00,63668683,Hotel JJH,2026-05-08,89.00,SGD,dom,1,
2026-05-04T20:39:39+00:00,45214534,Amrise Hotel Kitchener,2026-05-08,90.00,SGD,dom,1,
2026-05-04T20:39:39+00:00,59828233,A Hotel Bugis,2026-05-08,93.00,SGD,dom,1,
2026-05-04T20:39:39+00:00,79994438,A Hotel Farrer Park,2026-05-08,75.00,SGD,dom,1,
2026-05-04T20:39:39+00:00,59798370,A Hotel Dickson,2026-05-08,55.00,SGD,dom,1,
2026-05-04T20:39:39+00:00,41984142,ST Signature Bugis Middle,2026-05-08,100.00,SGD,dom,1,
2026-05-04T21:32:40+00:00,68596133,Social on Outram,2026-05-08,,SGD,none,0,Sold out on requested dates
2026-05-04T21:32:40+00:00,80245389,Social on Mayo,2026-05-08,87.00,SGD,dom,1,
2026-05-04T21:32:40+00:00,63668683,Hotel JJH,2026-05-08,89.00,SGD,dom,1,
2026-05-04T21:32:40+00:00,45214534,Amrise Hotel Kitchener,2026-05-08,90.00,SGD,dom,1,
2026-05-04T21:32:40+00:00,59828233,A Hotel Bugis,2026-05-08,93.00,SGD,dom,1,
2026-05-04T21:32:40+00:00,79994438,A Hotel Farrer Park,2026-05-08,75.00,SGD,dom,1,
2026-05-04T21:32:40+00:00,59798370,A Hotel Dickson,2026-05-08,55.00,SGD,dom,1,
2026-05-04T21:32:40+00:00,41984142,ST Signature Bugis Middle,2026-05-08,100.00,SGD,dom,1,
2026-05-04T22:30:00+00:00,68596133,Social on Outram,2026-05-08,,SGD,none,0,Sold out on requested dates
2026-05-04T22:30:00+00:00,80245389,Social on Mayo,2026-05-08,87.00,SGD,dom,1,
2026-05-04T22:30:00+00:00,63668683,Hotel JJH,2026-05-08,89.00,SGD,dom,1,
2026-05-04T22:30:00+00:00,45214534,Amrise Hotel Kitchener,2026-05-08,90.00,SGD,dom,1,
2026-05-04T22:30:00+00:00,59828233,A Hotel Bugis,2026-05-08,93.00,SGD,dom,1,
2026-05-04T22:30:00+00:00,79994438,A Hotel Farrer Park,2026-05-08,75.00,SGD,dom,1,
2026-05-04T22:30:00+00:00,59798370,A Hotel Dickson,2026-05-08,55.00,SGD,dom,1,
2026-05-04T22:30:00+00:00,41984142,ST Signature Bugis Middle,2026-05-08,100.00,SGD,dom,1,
2026-05-04T23:27:18+00:00,68596133,Social on Outram,2026-05-08,,SGD,none,0,Sold out on requested dates
2026-05-04T23:27:18+00:00,80245389,Social on Mayo,2026-05-08,87.00,SGD,dom,1,
2026-05-04T23:27:18+00:00,63668683,Hotel JJH,2026-05-08,79.00,SGD,dom,1,
2026-05-04T23:27:18+00:00,45214534,Amrise Hotel Kitchener,2026-05-08,90.00,SGD,dom,1,
2026-05-04T23:27:18+00:00,59828233,A Hotel Bugis,2026-05-08,93.00,SGD,dom,1,
2026-05-04T23:27:18+00:00,79994438,A Hotel Farrer Park,2026-05-08,75.00,SGD,dom,1,
2026-05-04T23:27:18+00:00,59798370,A Hotel Dickson,2026-05-08,55.00,SGD,dom,1,
2026-05-04T23:27:18+00:00,41984142,ST Signature Bugis Middle,2026-05-08,100.00,SGD,dom,1,
2026-05-05T01:02:15+00:00,68596133,Social on Outram,2026-05-08,,SGD,none,0,Sold out on requested dates
2026-05-05T01:02:15+00:00,80245389,Social on Mayo,2026-05-08,87.00,SGD,dom,1,
2026-05-05T01:02:15+00:00,63668683,Hotel JJH,2026-05-08,79.00,SGD,dom,1,
2026-05-05T01:02:15+00:00,45214534,Amrise Hotel Kitchener,2026-05-08,90.00,SGD,dom,1,
2026-05-05T01:02:15+00:00,59828233,A Hotel Bugis,2026-05-08,93.00,SGD,dom,1,
2026-05-05T01:02:15+00:00,79994438,A Hotel Farrer Park,2026-05-08,75.00,SGD,dom,1,
2026-05-05T01:02:15+00:00,59798370,A Hotel Dickson,2026-05-08,55.00,SGD,dom,1,
2026-05-05T01:02:15+00:00,41984142,ST Signature Bugis Middle,2026-05-08,97.00,SGD,dom,1,
2026-05-05T01:44:44+00:00,68596133,Social on Outram,2026-05-08,,SGD,none,0,Sold out on requested dates
2026-05-05T01:44:44+00:00,80245389,Social on Mayo,2026-05-08,87.00,SGD,dom,1,
2026-05-05T01:44:44+00:00,63668683,Hotel JJH,2026-05-08,79.00,SGD,dom,1,
2026-05-05T01:44:44+00:00,45214534,Amrise Hotel Kitchener,2026-05-08,90.00,SGD,dom,1,
2026-05-05T01:44:44+00:00,59828233,A Hotel Bugis,2026-05-08,93.00,SGD,dom,1,
2026-05-05T01:44:44+00:00,79994438,A Hotel Farrer Park,2026-05-08,75.00,SGD,dom,1,
2026-05-05T01:44:44+00:00,59798370,A Hotel Dickson,2026-05-08,55.00,SGD,dom,1,
2026-05-05T01:44:44+00:00,41984142,ST Signature Bugis Middle,2026-05-08,97.00,SGD,dom,1,
2026-05-05T03:19:37+00:00,68596133,Social on Outram,2026-05-08,,SGD,none,0,Sold out on requested dates
2026-05-05T03:19:37+00:00,80245389,Social on Mayo,2026-05-08,89.00,SGD,dom,1,
2026-05-05T03:19:37+00:00,63668683,Hotel JJH,2026-05-08,79.00,SGD,dom,1,
2026-05-05T03:19:37+00:00,45214534,Amrise Hotel Kitchener,2026-05-08,87.00,SGD,dom,1,
2026-05-05T03:19:37+00:00,59828233,A Hotel Bugis,2026-05-08,90.00,SGD,dom,1,
2026-05-05T03:19:37+00:00,79994438,A Hotel Farrer Park,2026-05-08,86.00,SGD,dom,1,
2026-05-05T03:19:37+00:00,59798370,A Hotel Dickson,2026-05-08,55.00,SGD,dom,1,
2026-05-05T03:19:37+00:00,41984142,ST Signature Bugis Middle,2026-05-08,96.00,SGD,dom,1,
2026-05-05T05:13:25+00:00,68596133,Social on Outram,2026-05-08,,SGD,none,0,Sold out on requested dates
2026-05-05T05:13:25+00:00,80245389,Social on Mayo,2026-05-08,87.00,SGD,dom,1,
2026-05-05T05:13:25+00:00,63668683,Hotel JJH,2026-05-08,88.00,SGD,dom,1,
2026-05-05T05:13:25+00:00,45214534,Amrise Hotel Kitchener,2026-05-08,88.00,SGD,dom,1,
2026-05-05T05:13:25+00:00,59828233,A Hotel Bugis,2026-05-08,91.00,SGD,dom,1,
2026-05-05T05:13:25+00:00,79994438,A Hotel Farrer Park,2026-05-08,86.00,SGD,dom,1,
2026-05-05T05:13:25+00:00,59798370,A Hotel Dickson,2026-05-08,55.00,SGD,dom,1,
2026-05-05T05:13:25+00:00,41984142,ST Signature Bugis Middle,2026-05-08,97.00,SGD,dom,1,
2026-05-05T07:01:37+00:00,68596133,Social on Outram,2026-05-08,,SGD,none,0,Sold out on requested dates
2026-05-05T07:01:37+00:00,80245389,Social on Mayo,2026-05-08,87.00,SGD,dom,1,
2026-05-05T07:01:37+00:00,63668683,Hotel JJH,2026-05-08,88.00,SGD,dom,1,
2026-05-05T07:01:37+00:00,45214534,Amrise Hotel Kitchener,2026-05-08,89.00,SGD,dom,1,
2026-05-05T07:01:37+00:00,59828233,A Hotel Bugis,2026-05-08,96.00,SGD,dom,1,
2026-05-05T07:01:37+00:00,79994438,A Hotel Farrer Park,2026-05-08,86.00,SGD,dom,1,
2026-05-05T07:01:37+00:00,59798370,A Hotel Dickson,2026-05-08,55.00,SGD,dom,1,
2026-05-05T07:01:37+00:00,41984142,ST Signature Bugis Middle,2026-05-08,97.00,SGD,dom,1,
2026-05-05T07:47:13+00:00,68596133,Social on Outram,2026-05-08,,SGD,none,0,Sold out on requested dates
2026-05-05T07:47:13+00:00,80245389,Social on Mayo,2026-05-08,87.00,SGD,dom,1,
2026-05-05T07:47:13+00:00,63668683,Hotel JJH,2026-05-08,88.00,SGD,dom,1,
2026-05-05T07:47:13+00:00,45214534,Amrise Hotel Kitchener,2026-05-08,89.00,SGD,dom,1,
2026-05-05T07:47:13+00:00,59828233,A Hotel Bugis,2026-05-08,96.00,SGD,dom,1,
2026-05-05T07:47:13+00:00,79994438,A Hotel Farrer Park,2026-05-08,86.00,SGD,dom,1,
2026-05-05T07:47:13+00:00,59798370,A Hotel Dickson,2026-05-08,55.00,SGD,dom,1,
2026-05-05T07:47:13+00:00,41984142,ST Signature Bugis Middle,2026-05-08,97.00,SGD,dom,1,
2026-05-05T08:58:21+00:00,68596133,Social on Outram,2026-05-08,,SGD,none,0,Sold out on requested dates
2026-05-05T08:58:21+00:00,80245389,Social on Mayo,2026-05-08,87.00,SGD,dom,1,
2026-05-05T08:58:21+00:00,63668683,Hotel JJH,2026-05-08,89.00,SGD,dom,1,
2026-05-05T08:58:21+00:00,45214534,Amrise Hotel Kitchener,2026-05-08,88.00,SGD,dom,1,
2026-05-05T08:58:21+00:00,59828233,A Hotel Bugis,2026-05-08,97.00,SGD,dom,1,
2026-05-05T08:58:21+00:00,79994438,A Hotel Farrer Park,2026-05-08,86.00,SGD,dom,1,
2026-05-05T08:58:21+00:00,59798370,A Hotel Dickson,2026-05-08,55.00,SGD,dom,1,
2026-05-05T08:58:21+00:00,41984142,ST Signature Bugis Middle,2026-05-08,95.00,SGD,dom,1,
2026-05-05T09:48:16+00:00,68596133,Social on Outram,2026-05-08,,SGD,none,0,Sold out on requested dates
2026-05-05T09:48:16+00:00,80245389,Social on Mayo,2026-05-08,87.00,SGD,dom,1,
2026-05-05T09:48:16+00:00,63668683,Hotel JJH,2026-05-08,79.00,SGD,dom,1,
2026-05-05T09:48:17+00:00,45214534,Amrise Hotel Kitchener,2026-05-08,80.00,SGD,dom,1,
2026-05-05T09:48:17+00:00,59828233,A Hotel Bugis,2026-05-08,86.00,SGD,dom,1,
2026-05-05T09:48:17+00:00,79994438,A Hotel Farrer Park,2026-05-08,86.00,SGD,dom,1,
2026-05-05T09:48:17+00:00,59798370,A Hotel Dickson,2026-05-08,55.00,SGD,dom,1,
2026-05-05T09:48:17+00:00,41984142,ST Signature Bugis Middle,2026-05-08,84.00,SGD,dom,1,
2026-05-05T10:42:30+00:00,68596133,Social on Outram,2026-05-08,,SGD,none,0,Sold out on requested dates
2026-05-05T10:42:30+00:00,80245389,Social on Mayo,2026-05-08,87.00,SGD,dom,1,
2026-05-05T10:42:30+00:00,63668683,Hotel JJH,2026-05-08,79.00,SGD,dom,1,
2026-05-05T10:42:30+00:00,45214534,Amrise Hotel Kitchener,2026-05-08,80.00,SGD,dom,1,
2026-05-05T10:42:30+00:00,59828233,A Hotel Bugis,2026-05-08,86.00,SGD,dom,1,
2026-05-05T10:42:30+00:00,79994438,A Hotel Farrer Park,2026-05-08,86.00,SGD,dom,1,
2026-05-05T10:42:30+00:00,59798370,A Hotel Dickson,2026-05-08,55.00,SGD,dom,1,
2026-05-05T10:42:30+00:00,41984142,ST Signature Bugis Middle,2026-05-08,84.00,SGD,dom,1,
2026-05-05T11:40:20+00:00,68596133,Social on Outram,2026-05-08,,SGD,none,0,Sold out on requested dates
2026-05-05T11:40:20+00:00,80245389,Social on Mayo,2026-05-08,87.00,SGD,dom,1,
2026-05-05T11:40:20+00:00,63668683,Hotel JJH,2026-05-08,79.00,SGD,dom,1,
2026-05-05T11:40:20+00:00,45214534,Amrise Hotel Kitchener,2026-05-08,80.00,SGD,dom,1,
2026-05-05T11:40:20+00:00,59828233,A Hotel Bugis,2026-05-08,86.00,SGD,dom,1,
2026-05-05T11:40:20+00:00,79994438,A Hotel Farrer Park,2026-05-08,86.00,SGD,dom,1,
2026-05-05T11:40:20+00:00,59798370,A Hotel Dickson,2026-05-08,55.00,SGD,dom,1,
2026-05-05T11:40:20+00:00,41984142,ST Signature Bugis Middle,2026-05-08,84.00,SGD,dom,1,
2026-05-05T12:41:26+00:00,68596133,Social on Outram,2026-05-08,,SGD,none,0,Sold out on requested dates
2026-05-05T12:41:26+00:00,80245389,Social on Mayo,2026-05-08,87.00,SGD,dom,1,
2026-05-05T12:41:26+00:00,63668683,Hotel JJH,2026-05-08,79.00,SGD,dom,1,
2026-05-05T12:41:26+00:00,45214534,Amrise Hotel Kitchener,2026-05-08,80.00,SGD,dom,1,
2026-05-05T12:41:26+00:00,59828233,A Hotel Bugis,2026-05-08,86.00,SGD,dom,1,
2026-05-05T12:41:26+00:00,79994438,A Hotel Farrer Park,2026-05-08,86.00,SGD,dom,1,
2026-05-05T12:41:26+00:00,59798370,A Hotel Dickson,2026-05-08,55.00,SGD,dom,1,
2026-05-05T12:41:26+00:00,41984142,ST Signature Bugis Middle,2026-05-08,84.00,SGD,dom,1,
2026-05-05T16:01:16+00:00,68596133,Social on Outram,2026-05-08,,SGD,none,0,Sold out on requested dates
2026-05-05T16:01:16+00:00,80245389,Social on Mayo,2026-05-08,87.00,SGD,dom,1,
2026-05-05T16:01:16+00:00,63668683,Hotel JJH,2026-05-08,79.00,SGD,dom,1,
2026-05-05T16:01:16+00:00,45214534,Amrise Hotel Kitchener,2026-05-08,84.00,SGD,dom,1,
2026-05-05T16:01:16+00:00,59828233,A Hotel Bugis,2026-05-08,91.00,SGD,dom,1,
2026-05-05T16:01:16+00:00,79994438,A Hotel Farrer Park,2026-05-08,91.00,SGD,dom,1,
2026-05-05T16:01:16+00:00,59798370,A Hotel Dickson,2026-05-08,55.00,SGD,dom,1,
2026-05-05T16:01:16+00:00,41984142,ST Signature Bugis Middle,2026-05-08,84.00,SGD,dom,1,
2026-05-05T16:46:01+00:00,68596133,Social on Outram,2026-05-08,,SGD,none,0,Sold out on requested dates
2026-05-05T16:46:01+00:00,80245389,Social on Mayo,2026-05-08,87.00,SGD,dom,1,
2026-05-05T16:46:01+00:00,63668683,Hotel JJH,2026-05-08,79.00,SGD,dom,1,
2026-05-05T16:46:01+00:00,45214534,Amrise Hotel Kitchener,2026-05-08,84.00,SGD,dom,1,
2026-05-05T16:46:01+00:00,59828233,A Hotel Bugis,2026-05-08,91.00,SGD,dom,1,
2026-05-05T16:46:01+00:00,79994438,A Hotel Farrer Park,2026-05-08,91.00,SGD,dom,1,
2026-05-05T16:46:01+00:00,59798370,A Hotel Dickson,2026-05-08,55.00,SGD,dom,1,
2026-05-05T16:46:01+00:00,41984142,ST Signature Bugis Middle,2026-05-08,84.00,SGD,dom,1,
2026-05-05T17:44:10+00:00,68596133,Social on Outram,2026-05-08,,SGD,none,0,Sold out on requested dates
2026-05-05T17:44:10+00:00,80245389,Social on Mayo,2026-05-08,87.00,SGD,dom,1,
2026-05-05T17:44:10+00:00,63668683,Hotel JJH,2026-05-08,79.00,SGD,dom,1,
2026-05-05T17:44:10+00:00,45214534,Amrise Hotel Kitchener,2026-05-08,84.00,SGD,dom,1,
2026-05-05T17:44:10+00:00,59828233,A Hotel Bugis,2026-05-08,91.00,SGD,dom,1,
2026-05-05T17:44:10+00:00,79994438,A Hotel Farrer Park,2026-05-08,91.00,SGD,dom,1,
2026-05-05T17:44:10+00:00,59798370,A Hotel Dickson,2026-05-08,55.00,SGD,dom,1,
2026-05-05T17:44:10+00:00,41984142,ST Signature Bugis Middle,2026-05-08,84.00,SGD,dom,1,
2026-05-05T18:45:01+00:00,68596133,Social on Outram,2026-05-08,,SGD,none,0,Sold out on requested dates
2026-05-05T18:45:01+00:00,80245389,Social on Mayo,2026-05-08,87.00,SGD,dom,1,
2026-05-05T18:45:01+00:00,63668683,Hotel JJH,2026-05-08,79.00,SGD,dom,1,
2026-05-05T18:45:01+00:00,45214534,Amrise Hotel Kitchener,2026-05-08,84.00,SGD,dom,1,
2026-05-05T18:45:01+00:00,59828233,A Hotel Bugis,2026-05-08,91.00,SGD,dom,1,
2026-05-05T18:45:01+00:00,79994438,A Hotel Farrer Park,2026-05-08,91.00,SGD,dom,1,
2026-05-05T18:45:01+00:00,59798370,A Hotel Dickson,2026-05-08,55.00,SGD,dom,1,
2026-05-05T18:45:01+00:00,41984142,ST Signature Bugis Middle,2026-05-08,84.00,SGD,dom,1,
2026-05-05T19:43:55+00:00,68596133,Social on Outram,2026-05-08,,SGD,none,0,Sold out on requested dates
2026-05-05T19:43:55+00:00,80245389,Social on Mayo,2026-05-08,87.00,SGD,dom,1,
2026-05-05T19:43:55+00:00,63668683,Hotel JJH,2026-05-08,79.00,SGD,dom,1,
2026-05-05T19:43:55+00:00,45214534,Amrise Hotel Kitchener,2026-05-08,84.00,SGD,dom,1,
2026-05-05T19:43:55+00:00,59828233,A Hotel Bugis,2026-05-08,91.00,SGD,dom,1,
2026-05-05T19:43:55+00:00,79994438,A Hotel Farrer Park,2026-05-08,91.00,SGD,dom,1,
2026-05-05T19:43:55+00:00,59798370,A Hotel Dickson,2026-05-08,55.00,SGD,dom,1,
2026-05-05T19:43:55+00:00,41984142,ST Signature Bugis Middle,2026-05-08,84.00,SGD,dom,1,
2026-05-05T20:37:30+00:00,68596133,Social on Outram,2026-05-08,87.00,SGD,html,2,
2026-05-05T20:37:31+00:00,80245389,Social on Mayo,2026-05-08,87.00,SGD,dom,1,
2026-05-05T20:37:31+00:00,63668683,Hotel JJH,2026-05-08,79.00,SGD,dom,1,
2026-05-05T20:37:31+00:00,45214534,Amrise Hotel Kitchener,2026-05-08,84.00,SGD,dom,1,
2026-05-05T20:37:31+00:00,59828233,A Hotel Bugis,2026-05-08,91.00,SGD,dom,1,
2026-05-05T20:37:31+00:00,79994438,A Hotel Farrer Park,2026-05-08,91.00,SGD,dom,1,
2026-05-05T20:37:31+00:00,59798370,A Hotel Dickson,2026-05-08,55.00,SGD,dom,1,
2026-05-05T20:37:31+00:00,41984142,ST Signature Bugis Middle,2026-05-08,84.00,SGD,dom,1,
2026-05-05T21:33:56+00:00,68596133,Social on Outram,2026-05-08,,SGD,none,0,Sold out on requested dates
2026-05-05T21:33:56+00:00,80245389,Social on Mayo,2026-05-08,87.00,SGD,dom,1,
2026-05-05T21:33:56+00:00,63668683,Hotel JJH,2026-05-08,79.00,SGD,dom,1,
2026-05-05T21:33:56+00:00,45214534,Amrise Hotel Kitchener,2026-05-08,84.00,SGD,dom,1,
2026-05-05T21:33:56+00:00,59828233,A Hotel Bugis,2026-05-08,91.00,SGD,dom,1,
2026-05-05T21:33:56+00:00,79994438,A Hotel Farrer Park,2026-05-08,95.00,SGD,dom,1,
2026-05-05T21:33:56+00:00,59798370,A Hotel Dickson,2026-05-08,55.00,SGD,dom,1,
2026-05-05T21:33:56+00:00,41984142,ST Signature Bugis Middle,2026-05-08,84.00,SGD,dom,1,
2026-05-05T22:29:32+00:00,68596133,Social on Outram,2026-05-08,,SGD,none,0,Sold out on requested dates
2026-05-05T22:29:32+00:00,80245389,Social on Mayo,2026-05-08,87.00,SGD,dom,1,
2026-05-05T22:29:32+00:00,63668683,Hotel JJH,2026-05-08,79.00,SGD,html,5,
2026-05-05T22:29:32+00:00,45214534,Amrise Hotel Kitchener,2026-05-08,84.00,SGD,dom,1,
2026-05-05T22:29:32+00:00,59828233,A Hotel Bugis,2026-05-08,91.00,SGD,dom,1,
2026-05-05T22:29:32+00:00,79994438,A Hotel Farrer Park,2026-05-08,95.00,SGD,dom,1,
2026-05-05T22:29:32+00:00,59798370,A Hotel Dickson,2026-05-08,55.00,SGD,dom,1,
2026-05-05T22:29:32+00:00,41984142,ST Signature Bugis Middle,2026-05-08,84.00,SGD,dom,1,
2026-05-05T23:26:23+00:00,68596133,Social on Outram,2026-05-08,,SGD,none,0,Sold out on requested dates
2026-05-05T23:26:23+00:00,80245389,Social on Mayo,2026-05-08,87.00,SGD,dom,1,
2026-05-05T23:26:23+00:00,63668683,Hotel JJH,2026-05-08,79.00,SGD,dom,1,
2026-05-05T23:26:23+00:00,45214534,Amrise Hotel Kitchener,2026-05-08,84.00,SGD,dom,1,
2026-05-05T23:26:23+00:00,59828233,A Hotel Bugis,2026-05-08,91.00,SGD,dom,1,
2026-05-05T23:26:23+00:00,79994438,A Hotel Farrer Park,2026-05-08,95.00,SGD,dom,1,
2026-05-05T23:26:23+00:00,59798370,A Hotel Dickson,2026-05-08,55.00,SGD,dom,1,
2026-05-05T23:26:23+00:00,41984142,ST Signature Bugis Middle,2026-05-08,84.00,SGD,dom,1,
2026-05-06T01:04:43+00:00,68596133,Social on Outram,2026-05-08,,SGD,none,0,Sold out on requested dates
2026-05-06T01:04:43+00:00,80245389,Social on Mayo,2026-05-08,87.00,SGD,dom,1,
2026-05-06T01:04:43+00:00,63668683,Hotel JJH,2026-05-08,79.00,SGD,dom,1,
2026-05-06T01:04:43+00:00,45214534,Amrise Hotel Kitchener,2026-05-08,84.00,SGD,dom,1,
2026-05-06T01:04:43+00:00,59828233,A Hotel Bugis,2026-05-08,88.00,SGD,dom,1,
2026-05-06T01:04:43+00:00,79994438,A Hotel Farrer Park,2026-05-08,96.00,SGD,dom,1,
2026-05-06T01:04:43+00:00,59798370,A Hotel Dickson,2026-05-08,55.00,SGD,dom,1,
2026-05-06T01:04:43+00:00,41984142,ST Signature Bugis Middle,2026-05-08,84.00,SGD,dom,1,
2026-05-06T01:45:02+00:00,68596133,Social on Outram,2026-05-08,,SGD,none,0,Sold out on requested dates
2026-05-06T01:45:02+00:00,80245389,Social on Mayo,2026-05-08,87.00,SGD,dom,1,
2026-05-06T01:45:02+00:00,63668683,Hotel JJH,2026-05-08,79.00,SGD,dom,1,
2026-05-06T01:45:02+00:00,45214534,Amrise Hotel Kitchener,2026-05-08,84.00,SGD,dom,1,
2026-05-06T01:45:02+00:00,59828233,A Hotel Bugis,2026-05-08,85.00,SGD,dom,1,
2026-05-06T01:45:02+00:00,79994438,A Hotel Farrer Park,2026-05-08,100.00,SGD,dom,1,
2026-05-06T01:45:02+00:00,59798370,A Hotel Dickson,2026-05-08,55.00,SGD,dom,1,
2026-05-06T01:45:02+00:00,41984142,ST Signature Bugis Middle,2026-05-08,84.00,SGD,dom,1,
2026-05-06T03:20:54+00:00,68596133,Social on Outram,2026-05-08,,SGD,none,0,Sold out on requested dates
2026-05-06T03:20:54+00:00,80245389,Social on Mayo,2026-05-08,87.00,SGD,dom,1,
2026-05-06T03:20:54+00:00,63668683,Hotel JJH,2026-05-08,79.00,SGD,dom,1,
2026-05-06T03:20:54+00:00,45214534,Amrise Hotel Kitchener,2026-05-08,84.00,SGD,dom,1,
2026-05-06T03:20:54+00:00,59828233,A Hotel Bugis,2026-05-08,85.00,SGD,dom,1,
2026-05-06T03:20:54+00:00,79994438,A Hotel Farrer Park,2026-05-08,100.00,SGD,dom,1,
2026-05-06T03:20:54+00:00,59798370,A Hotel Dickson,2026-05-08,55.00,SGD,dom,1,
2026-05-06T03:20:54+00:00,41984142,ST Signature Bugis Middle,2026-05-08,84.00,SGD,dom,1,
2026-05-06T05:15:54+00:00,68596133,Social on Outram,2026-05-08,,SGD,none,0,Sold out on requested dates
2026-05-06T05:15:54+00:00,80245389,Social on Mayo,2026-05-08,87.00,SGD,dom,1,
2026-05-06T05:15:54+00:00,63668683,Hotel JJH,2026-05-08,80.00,SGD,dom,1,
2026-05-06T05:15:54+00:00,45214534,Amrise Hotel Kitchener,2026-05-08,84.00,SGD,dom,1,
2026-05-06T05:15:54+00:00,59828233,A Hotel Bugis,2026-05-08,85.00,SGD,dom,1,
2026-05-06T05:15:54+00:00,79994438,A Hotel Farrer Park,2026-05-08,101.00,SGD,dom,1,
2026-05-06T05:15:54+00:00,59798370,A Hotel Dickson,2026-05-08,55.00,SGD,dom,1,
2026-05-06T05:15:54+00:00,41984142,ST Signature Bugis Middle,2026-05-08,84.00,SGD,dom,1,
2026-05-06T07:12:14+00:00,68596133,Social on Outram,2026-05-08,,SGD,none,0,Sold out on requested dates
2026-05-06T07:12:14+00:00,80245389,Social on Mayo,2026-05-08,87.00,SGD,dom,1,
2026-05-06T07:12:14+00:00,63668683,Hotel JJH,2026-05-08,80.00,SGD,dom,1,
2026-05-06T07:12:14+00:00,45214534,Amrise Hotel Kitchener,2026-05-08,84.00,SGD,dom,1,
2026-05-06T07:12:14+00:00,59828233,A Hotel Bugis,2026-05-08,85.00,SGD,dom,1,
2026-05-06T07:12:14+00:00,79994438,A Hotel Farrer Park,2026-05-08,104.00,SGD,dom,1,
2026-05-06T07:12:14+00:00,59798370,A Hotel Dickson,2026-05-08,55.00,SGD,dom,1,
2026-05-06T07:12:14+00:00,41984142,ST Signature Bugis Middle,2026-05-08,84.00,SGD,dom,1,
2026-05-06T09:14:00+00:00,68596133,Social on Outram,2026-05-08,,SGD,none,0,Sold out on requested dates
2026-05-06T09:14:00+00:00,80245389,Social on Mayo,2026-05-08,87.00,SGD,dom,1,
2026-05-06T09:14:00+00:00,63668683,Hotel JJH,2026-05-08,80.00,SGD,dom,1,
2026-05-06T09:14:00+00:00,45214534,Amrise Hotel Kitchener,2026-05-08,84.00,SGD,dom,1,
2026-05-06T09:14:00+00:00,59828233,A Hotel Bugis,2026-05-08,85.00,SGD,dom,1,
2026-05-06T09:14:00+00:00,79994438,A Hotel Farrer Park,2026-05-08,112.00,SGD,dom,1,
2026-05-06T09:14:00+00:00,59798370,A Hotel Dickson,2026-05-08,55.00,SGD,dom,1,
2026-05-06T09:14:00+00:00,41984142,ST Signature Bugis Middle,2026-05-08,84.00,SGD,dom,1,
2026-05-06T09:57:38+00:00,68596133,Social on Outram,2026-05-08,,SGD,none,0,Sold out on requested dates
2026-05-06T09:57:38+00:00,80245389,Social on Mayo,2026-05-08,87.00,SGD,dom,1,
2026-05-06T09:57:38+00:00,63668683,Hotel JJH,2026-05-08,80.00,SGD,dom,1,
2026-05-06T09:57:38+00:00,45214534,Amrise Hotel Kitchener,2026-05-08,84.00,SGD,dom,1,
2026-05-06T09:57:38+00:00,59828233,A Hotel Bugis,2026-05-08,85.00,SGD,dom,1,
2026-05-06T09:57:38+00:00,79994438,A Hotel Farrer Park,2026-05-08,112.00,SGD,dom,1,
2026-05-06T09:57:38+00:00,59798370,A Hotel Dickson,2026-05-08,55.00,SGD,dom,1,
2026-05-06T09:57:38+00:00,41984142,ST Signature Bugis Middle,2026-05-08,84.00,SGD,dom,1,
2026-05-06T10:50:38+00:00,68596133,Social on Outram,2026-05-08,,SGD,none,0,Sold out on requested dates
2026-05-06T10:50:38+00:00,80245389,Social on Mayo,2026-05-08,87.00,SGD,dom,1,
2026-05-06T10:50:38+00:00,63668683,Hotel JJH,2026-05-08,80.00,SGD,dom,1,
2026-05-06T10:50:38+00:00,45214534,Amrise Hotel Kitchener,2026-05-08,84.00,SGD,dom,1,
2026-05-06T10:50:38+00:00,59828233,A Hotel Bugis,2026-05-08,85.00,SGD,dom,1,
2026-05-06T10:50:38+00:00,79994438,A Hotel Farrer Park,2026-05-08,114.00,SGD,dom,1,
2026-05-06T10:50:38+00:00,59798370,A Hotel Dickson,2026-05-08,55.00,SGD,dom,1,
2026-05-06T10:50:38+00:00,41984142,ST Signature Bugis Middle,2026-05-08,84.00,SGD,dom,1,
2026-05-06T11:42:24+00:00,68596133,Social on Outram,2026-05-08,,SGD,none,0,Sold out on requested dates
2026-05-06T11:42:24+00:00,80245389,Social on Mayo,2026-05-08,87.00,SGD,dom,1,
2026-05-06T11:42:24+00:00,63668683,Hotel JJH,2026-05-08,80.00,SGD,dom,1,
2026-05-06T11:42:24+00:00,45214534,Amrise Hotel Kitchener,2026-05-08,84.00,SGD,dom,1,
2026-05-06T11:42:24+00:00,59828233,A Hotel Bugis,2026-05-08,85.00,SGD,dom,1,
2026-05-06T11:42:24+00:00,79994438,A Hotel Farrer Park,2026-05-08,112.00,SGD,dom,1,
2026-05-06T11:42:24+00:00,59798370,A Hotel Dickson,2026-05-08,55.00,SGD,dom,1,
2026-05-06T11:42:24+00:00,41984142,ST Signature Bugis Middle,2026-05-08,84.00,SGD,dom,1,
2026-05-06T12:53:38+00:00,68596133,Social on Outram,2026-05-08,,SGD,none,0,Sold out on requested dates
2026-05-06T12:53:38+00:00,80245389,Social on Mayo,2026-05-08,87.00,SGD,dom,1,
2026-05-06T12:53:38+00:00,63668683,Hotel JJH,2026-05-08,80.00,SGD,dom,1,
2026-05-06T12:53:38+00:00,45214534,Amrise Hotel Kitchener,2026-05-08,84.00,SGD,dom,1,
2026-05-06T12:53:38+00:00,59828233,A Hotel Bugis,2026-05-08,94.00,SGD,dom,1,
2026-05-06T12:53:38+00:00,79994438,A Hotel Farrer Park,2026-05-08,91.00,SGD,dom,1,
2026-05-06T12:53:39+00:00,59798370,A Hotel Dickson,2026-05-08,44.00,SGD,dom,1,
2026-05-06T12:53:40+00:00,41984142,ST Signature Bugis Middle,2026-05-08,84.00,SGD,dom,1,
2026-05-06T13:46:27+00:00,68596133,Social on Outram,2026-05-08,,SGD,none,0,Sold out on requested dates
2026-05-06T13:46:27+00:00,80245389,Social on Mayo,2026-05-08,87.00,SGD,dom,1,
2026-05-06T13:46:27+00:00,63668683,Hotel JJH,2026-05-08,80.00,SGD,dom,1,
2026-05-06T13:46:27+00:00,45214534,Amrise Hotel Kitchener,2026-05-08,84.00,SGD,dom,1,
2026-05-06T13:46:27+00:00,59828233,A Hotel Bugis,2026-05-08,94.00,SGD,dom,1,
2026-05-06T13:46:27+00:00,79994438,A Hotel Farrer Park,2026-05-08,91.00,SGD,dom,1,
2026-05-06T13:46:27+00:00,59798370,A Hotel Dickson,2026-05-08,55.00,SGD,dom,1,
2026-05-06T13:46:27+00:00,41984142,ST Signature Bugis Middle,2026-05-08,84.00,SGD,dom,1,
2026-05-06T15:04:49+00:00,68596133,Social on Outram,2026-05-08,,SGD,none,0,Sold out on requested dates
2026-05-06T15:04:49+00:00,80245389,Social on Mayo,2026-05-08,87.00,SGD,dom,1,
2026-05-06T15:04:49+00:00,63668683,Hotel JJH,2026-05-08,80.00,SGD,dom,1,
2026-05-06T15:04:49+00:00,45214534,Amrise Hotel Kitchener,2026-05-08,84.00,SGD,dom,1,
2026-05-06T15:04:49+00:00,59828233,A Hotel Bugis,2026-05-08,94.00,SGD,dom,1,
2026-05-06T15:04:49+00:00,79994438,A Hotel Farrer Park,2026-05-08,91.00,SGD,dom,1,
2026-05-06T15:04:49+00:00,59798370,A Hotel Dickson,2026-05-08,55.00,SGD,dom,1,
2026-05-06T15:04:49+00:00,41984142,ST Signature Bugis Middle,2026-05-08,84.00,SGD,dom,1,
2026-05-06T15:54:23+00:00,68596133,Social on Outram,2026-05-08,,SGD,none,0,Sold out on requested dates
2026-05-06T15:54:23+00:00,80245389,Social on Mayo,2026-05-08,87.00,SGD,dom,1,
2026-05-06T15:54:23+00:00,63668683,Hotel JJH,2026-05-08,80.00,SGD,html,3,
2026-05-06T15:54:23+00:00,45214534,Amrise Hotel Kitchener,2026-05-08,84.00,SGD,dom,1,
2026-05-06T15:54:23+00:00,59828233,A Hotel Bugis,2026-05-08,94.00,SGD,dom,1,
2026-05-06T15:54:23+00:00,79994438,A Hotel Farrer Park,2026-05-08,91.00,SGD,dom,1,
2026-05-06T15:54:23+00:00,59798370,A Hotel Dickson,2026-05-08,55.00,SGD,dom,1,
2026-05-06T15:54:23+00:00,41984142,ST Signature Bugis Middle,2026-05-08,84.00,SGD,dom,1,
2026-05-06T16:42:03+00:00,68596133,Social on Outram,2026-05-08,,SGD,none,0,Sold out on requested dates
2026-05-06T16:42:03+00:00,80245389,Social on Mayo,2026-05-08,87.00,SGD,dom,1,
2026-05-06T16:42:03+00:00,63668683,Hotel JJH,2026-05-08,80.00,SGD,dom,1,
2026-05-06T16:42:03+00:00,45214534,Amrise Hotel Kitchener,2026-05-08,84.00,SGD,dom,1,
2026-05-06T16:42:03+00:00,59828233,A Hotel Bugis,2026-05-08,94.00,SGD,dom,1,
2026-05-06T16:42:03+00:00,79994438,A Hotel Farrer Park,2026-05-08,89.00,SGD,dom,1,
2026-05-06T16:42:03+00:00,59798370,A Hotel Dickson,2026-05-08,50.00,SGD,dom,1,
2026-05-06T16:42:03+00:00,41984142,ST Signature Bugis Middle,2026-05-08,84.00,SGD,dom,1,
2026-05-06T17:41:44+00:00,68596133,Social on Outram,2026-05-08,,SGD,none,0,Sold out on requested dates
2026-05-06T17:41:44+00:00,80245389,Social on Mayo,2026-05-08,87.00,SGD,dom,1,
2026-05-06T17:41:44+00:00,63668683,Hotel JJH,2026-05-08,81.00,SGD,dom,1,
2026-05-06T17:41:44+00:00,45214534,Amrise Hotel Kitchener,2026-05-08,84.00,SGD,dom,1,
2026-05-06T17:41:44+00:00,59828233,A Hotel Bugis,2026-05-08,95.00,SGD,dom,1,
2026-05-06T17:41:44+00:00,79994438,A Hotel Farrer Park,2026-05-08,90.00,SGD,dom,1,
2026-05-06T17:41:44+00:00,59798370,A Hotel Dickson,2026-05-08,50.00,SGD,dom,1,
2026-05-06T17:41:44+00:00,41984142,ST Signature Bugis Middle,2026-05-08,85.00,SGD,dom,1,
2026-05-06T18:47:28+00:00,68596133,Social on Outram,2026-05-08,,SGD,none,0,Sold out on requested dates
2026-05-06T18:47:28+00:00,80245389,Social on Mayo,2026-05-08,87.00,SGD,dom,1,
2026-05-06T18:47:28+00:00,63668683,Hotel JJH,2026-05-08,81.00,SGD,dom,1,
2026-05-06T18:47:28+00:00,45214534,Amrise Hotel Kitchener,2026-05-08,84.00,SGD,dom,1,
2026-05-06T18:47:28+00:00,59828233,A Hotel Bugis,2026-05-08,95.00,SGD,dom,1,
2026-05-06T18:47:28+00:00,79994438,A Hotel Farrer Park,2026-05-08,85.00,SGD,dom,1,
2026-05-06T18:47:28+00:00,59798370,A Hotel Dickson,2026-05-08,50.00,SGD,dom,1,
2026-05-06T18:47:28+00:00,41984142,ST Signature Bugis Middle,2026-05-08,85.00,SGD,dom,1,
2026-05-06T19:41:36+00:00,68596133,Social on Outram,2026-05-08,,SGD,none,0,Sold out on requested dates
2026-05-06T19:41:36+00:00,80245389,Social on Mayo,2026-05-08,87.00,SGD,dom,1,
2026-05-06T19:41:36+00:00,63668683,Hotel JJH,2026-05-08,81.00,SGD,dom,1,
2026-05-06T19:41:36+00:00,45214534,Amrise Hotel Kitchener,2026-05-08,84.00,SGD,dom,1,
2026-05-06T19:41:36+00:00,59828233,A Hotel Bugis,2026-05-08,95.00,SGD,dom,1,
2026-05-06T19:41:36+00:00,79994438,A Hotel Farrer Park,2026-05-08,85.00,SGD,dom,1,
2026-05-06T19:41:36+00:00,59798370,A Hotel Dickson,2026-05-08,50.00,SGD,dom,1,
2026-05-06T19:41:36+00:00,41984142,ST Signature Bugis Middle,2026-05-08,85.00,SGD,dom,1,
2026-05-06T20:39:59+00:00,68596133,Social on Outram,2026-05-08,,SGD,none,0,Sold out on requested dates
2026-05-06T20:39:59+00:00,80245389,Social on Mayo,2026-05-08,87.00,SGD,dom,1,
2026-05-06T20:39:59+00:00,63668683,Hotel JJH,2026-05-08,81.00,SGD,dom,1,
2026-05-06T20:39:59+00:00,45214534,Amrise Hotel Kitchener,2026-05-08,84.00,SGD,dom,1,
2026-05-06T20:39:59+00:00,59828233,A Hotel Bugis,2026-05-08,95.00,SGD,dom,1,
2026-05-06T20:39:59+00:00,79994438,A Hotel Farrer Park,2026-05-08,85.00,SGD,dom,1,
2026-05-06T20:39:59+00:00,59798370,A Hotel Dickson,2026-05-08,50.00,SGD,dom,1,
2026-05-06T20:39:59+00:00,41984142,ST Signature Bugis Middle,2026-05-08,85.00,SGD,dom,1,
2026-05-06T21:33:11+00:00,68596133,Social on Outram,2026-05-08,134.00,SGD,html,2,
2026-05-06T21:33:11+00:00,80245389,Social on Mayo,2026-05-08,87.00,SGD,dom,1,
2026-05-06T21:33:11+00:00,63668683,Hotel JJH,2026-05-08,81.00,SGD,dom,1,
2026-05-06T21:33:11+00:00,45214534,Amrise Hotel Kitchener,2026-05-08,84.00,SGD,dom,1,
2026-05-06T21:33:11+00:00,59828233,A Hotel Bugis,2026-05-08,95.00,SGD,dom,1,
2026-05-06T21:33:11+00:00,79994438,A Hotel Farrer Park,2026-05-08,85.00,SGD,dom,1,
2026-05-06T21:33:11+00:00,59798370,A Hotel Dickson,2026-05-08,50.00,SGD,dom,1,
2026-05-06T21:33:11+00:00,41984142,ST Signature Bugis Middle,2026-05-08,85.00,SGD,dom,1,
2026-05-06T22:25:37+00:00,68596133,Social on Outram,2026-05-08,,SGD,none,0,Sold out on requested dates
2026-05-06T22:25:37+00:00,80245389,Social on Mayo,2026-05-08,87.00,SGD,dom,1,
2026-05-06T22:25:37+00:00,63668683,Hotel JJH,2026-05-08,81.00,SGD,dom,1,
2026-05-06T22:25:37+00:00,45214534,Amrise Hotel Kitchener,2026-05-08,84.00,SGD,dom,1,
2026-05-06T22:25:37+00:00,59828233,A Hotel Bugis,2026-05-08,95.00,SGD,dom,1,
2026-05-06T22:25:37+00:00,79994438,A Hotel Farrer Park,2026-05-08,85.00,SGD,dom,1,
2026-05-06T22:25:37+00:00,59798370,A Hotel Dickson,2026-05-08,50.00,SGD,dom,1,
2026-05-06T22:25:37+00:00,41984142,ST Signature Bugis Middle,2026-05-08,85.00,SGD,dom,1,
2026-05-06T23:27:07+00:00,68596133,Social on Outram,2026-05-08,,SGD,none,0,Sold out on requested dates
2026-05-06T23:27:07+00:00,80245389,Social on Mayo,2026-05-08,87.00,SGD,dom,1,
2026-05-06T23:27:07+00:00,63668683,Hotel JJH,2026-05-08,81.00,SGD,dom,1,
2026-05-06T23:27:07+00:00,45214534,Amrise Hotel Kitchener,2026-05-08,84.00,SGD,dom,1,
2026-05-06T23:27:07+00:00,59828233,A Hotel Bugis,2026-05-08,95.00,SGD,dom,1,
2026-05-06T23:27:07+00:00,79994438,A Hotel Farrer Park,2026-05-08,85.00,SGD,dom,1,
2026-05-06T23:27:07+00:00,59798370,A Hotel Dickson,2026-05-08,50.00,SGD,dom,1,
2026-05-06T23:27:07+00:00,41984142,ST Signature Bugis Middle,2026-05-08,85.00,SGD,dom,1,
2026-05-07T01:06:55+00:00,68596133,Social on Outram,2026-05-08,,SGD,none,0,Sold out on requested dates
2026-05-07T01:06:55+00:00,80245389,Social on Mayo,2026-05-08,87.00,SGD,dom,1,
2026-05-07T01:06:55+00:00,63668683,Hotel JJH,2026-05-08,81.00,SGD,dom,1,
2026-05-07T01:06:55+00:00,45214534,Amrise Hotel Kitchener,2026-05-08,84.00,SGD,dom,1,
2026-05-07T01:06:55+00:00,59828233,A Hotel Bugis,2026-05-08,95.00,SGD,dom,1,
2026-05-07T01:06:55+00:00,79994438,A Hotel Farrer Park,2026-05-08,85.00,SGD,dom,1,
2026-05-07T01:06:55+00:00,59798370,A Hotel Dickson,2026-05-08,50.00,SGD,dom,1,
2026-05-07T01:06:55+00:00,41984142,ST Signature Bugis Middle,2026-05-08,85.00,SGD,dom,1,
2026-05-07T03:21:39+00:00,68596133,Social on Outram,2026-05-08,87.00,SGD,html,3,
2026-05-07T03:21:39+00:00,80245389,Social on Mayo,2026-05-08,87.00,SGD,dom,1,
2026-05-07T03:21:39+00:00,63668683,Hotel JJH,2026-05-08,81.00,SGD,dom,1,
2026-05-07T03:21:39+00:00,45214534,Amrise Hotel Kitchener,2026-05-08,88.00,SGD,dom,1,
2026-05-07T03:21:39+00:00,59828233,A Hotel Bugis,2026-05-08,98.00,SGD,dom,1,
2026-05-07T03:21:39+00:00,79994438,A Hotel Farrer Park,2026-05-08,85.00,SGD,dom,1,
2026-05-07T03:21:39+00:00,59798370,A Hotel Dickson,2026-05-08,60.00,SGD,dom,1,
2026-05-07T03:21:40+00:00,41984142,ST Signature Bugis Middle,2026-05-08,85.00,SGD,dom,1,
2026-05-07T05:18:32+00:00,68596133,Social on Outram,2026-05-08,,SGD,none,0,Sold out on requested dates
2026-05-07T05:18:32+00:00,80245389,Social on Mayo,2026-05-08,87.00,SGD,dom,1,
2026-05-07T05:18:32+00:00,63668683,Hotel JJH,2026-05-08,88.00,SGD,dom,1,
2026-05-07T05:18:32+00:00,45214534,Amrise Hotel Kitchener,2026-05-08,88.00,SGD,dom,1,
2026-05-07T05:18:32+00:00,59828233,A Hotel Bugis,2026-05-08,98.00,SGD,dom,1,
2026-05-07T05:18:32+00:00,79994438,A Hotel Farrer Park,2026-05-08,91.00,SGD,dom,1,
2026-05-07T05:18:32+00:00,59798370,A Hotel Dickson,2026-05-08,60.00,SGD,dom,1,
2026-05-07T05:18:32+00:00,41984142,ST Signature Bugis Middle,2026-05-08,85.00,SGD,dom,1,
2026-05-07T07:22:22+00:00,68596133,Social on Outram,2026-05-08,,SGD,none,0,Sold out on requested dates
2026-05-07T07:22:22+00:00,80245389,Social on Mayo,2026-05-08,87.00,SGD,dom,1,
2026-05-07T07:22:22+00:00,63668683,Hotel JJH,2026-05-08,88.00,SGD,dom,1,
2026-05-07T07:22:22+00:00,45214534,Amrise Hotel Kitchener,2026-05-08,88.00,SGD,dom,1,
2026-05-07T07:22:22+00:00,59828233,A Hotel Bugis,2026-05-08,94.00,SGD,dom,1,
2026-05-07T07:22:22+00:00,79994438,A Hotel Farrer Park,2026-05-08,84.00,SGD,dom,1,
2026-05-07T07:22:22+00:00,59798370,A Hotel Dickson,2026-05-08,67.00,SGD,dom,1,
2026-05-07T07:22:23+00:00,41984142,ST Signature Bugis Middle,2026-05-08,85.00,SGD,dom,1,
2026-05-07T07:22:23+00:00,90401,Link Hotel,2026-05-08,83.00,SGD,dom,1,
2026-05-07T08:12:50+00:00,68596133,Social on Outram,2026-05-08,,SGD,none,0,Sold out on requested dates
2026-05-07T08:12:50+00:00,80245389,Social on Mayo,2026-05-08,87.00,SGD,dom,1,
2026-05-07T08:12:50+00:00,63668683,Hotel JJH,2026-05-08,77.00,SGD,dom,1,
2026-05-07T08:12:50+00:00,45214534,Amrise Hotel Kitchener,2026-05-08,88.00,SGD,dom,1,
2026-05-07T08:12:50+00:00,59828233,A Hotel Bugis,2026-05-08,98.00,SGD,dom,1,
2026-05-07T08:12:50+00:00,79994438,A Hotel Farrer Park,2026-05-08,84.00,SGD,dom,1,
2026-05-07T08:12:50+00:00,59798370,A Hotel Dickson,2026-05-08,67.00,SGD,dom,1,
2026-05-07T08:12:50+00:00,41984142,ST Signature Bugis Middle,2026-05-08,85.00,SGD,dom,1,
2026-05-07T08:12:50+00:00,90401,Link Hotel,2026-05-08,83.00,SGD,dom,1,
2026-05-07T09:12:34+00:00,68596133,Social on Outram,2026-05-08,,SGD,none,0,Sold out on requested dates
2026-05-07T09:12:34+00:00,80245389,Social on Mayo,2026-05-08,87.00,SGD,dom,1,
2026-05-07T09:12:34+00:00,63668683,Hotel JJH,2026-05-08,77.00,SGD,dom,1,
2026-05-07T09:12:34+00:00,45214534,Amrise Hotel Kitchener,2026-05-08,87.00,SGD,dom,1,
2026-05-07T09:12:34+00:00,59828233,A Hotel Bugis,2026-05-08,94.00,SGD,dom,1,
2026-05-07T09:12:34+00:00,79994438,A Hotel Farrer Park,2026-05-08,84.00,SGD,dom,1,
2026-05-07T09:12:34+00:00,59798370,A Hotel Dickson,2026-05-08,67.00,SGD,dom,1,
2026-05-07T09:12:34+00:00,41984142,ST Signature Bugis Middle,2026-05-08,89.00,SGD,dom,1,
2026-05-07T09:12:34+00:00,90401,Link Hotel,2026-05-08,83.00,SGD,dom,1,
2026-05-07T10:06:39+00:00,68596133,Social on Outram,2026-05-08,,SGD,none,0,Sold out on requested dates
2026-05-07T10:06:39+00:00,80245389,Social on Mayo,2026-05-08,87.00,SGD,dom,1,
2026-05-07T10:06:39+00:00,63668683,Hotel JJH,2026-05-08,77.00,SGD,dom,1,
2026-05-07T10:06:39+00:00,45214534,Amrise Hotel Kitchener,2026-05-08,88.00,SGD,dom,1,
2026-05-07T10:06:39+00:00,59828233,A Hotel Bugis,2026-05-08,98.00,SGD,dom,1,
2026-05-07T10:06:39+00:00,79994438,A Hotel Farrer Park,2026-05-08,84.00,SGD,dom,1,
2026-05-07T10:06:39+00:00,59798370,A Hotel Dickson,2026-05-08,67.00,SGD,dom,1,
2026-05-07T10:06:39+00:00,41984142,ST Signature Bugis Middle,2026-05-08,89.00,SGD,dom,1,
2026-05-07T10:06:39+00:00,90401,Link Hotel,2026-05-08,83.00,SGD,dom,1,
2026-05-07T10:55:08+00:00,68596133,Social on Outram,2026-05-08,,SGD,none,0,Sold out on requested dates
2026-05-07T10:55:08+00:00,80245389,Social on Mayo,2026-05-08,87.00,SGD,dom,1,
2026-05-07T10:55:08+00:00,63668683,Hotel JJH,2026-05-08,77.00,SGD,dom,1,
2026-05-07T10:55:08+00:00,45214534,Amrise Hotel Kitchener,2026-05-08,88.00,SGD,dom,1,
2026-05-07T10:55:08+00:00,59828233,A Hotel Bugis,2026-05-08,98.00,SGD,dom,1,
2026-05-07T10:55:08+00:00,79994438,A Hotel Farrer Park,2026-05-08,84.00,SGD,dom,1,
2026-05-07T10:55:08+00:00,59798370,A Hotel Dickson,2026-05-08,67.00,SGD,dom,1,
2026-05-07T10:55:08+00:00,41984142,ST Signature Bugis Middle,2026-05-08,89.00,SGD,dom,1,
2026-05-07T10:55:08+00:00,90401,Link Hotel,2026-05-08,83.00,SGD,dom,1,
2026-05-07T11:32:33+00:00,68596133,Social on Outram,2026-05-08,,SGD,none,0,Sold out on requested dates
2026-05-07T11:32:33+00:00,80245389,Social on Mayo,2026-05-08,87.00,SGD,dom,1,
2026-05-07T11:32:33+00:00,63668683,Hotel JJH,2026-05-08,77.00,SGD,dom,1,
2026-05-07T11:32:33+00:00,45214534,Amrise Hotel Kitchener,2026-05-08,88.00,SGD,dom,1,
2026-05-07T11:32:33+00:00,59828233,A Hotel Bugis,2026-05-08,98.00,SGD,dom,1,
2026-05-07T11:32:33+00:00,79994438,A Hotel Farrer Park,2026-05-08,84.00,SGD,dom,1,
2026-05-07T11:32:33+00:00,59798370,A Hotel Dickson,2026-05-08,67.00,SGD,dom,1,
2026-05-07T11:32:33+00:00,41984142,ST Signature Bugis Middle,2026-05-08,89.00,SGD,dom,1,
2026-05-07T11:32:33+00:00,90401,Link Hotel,2026-05-08,83.00,SGD,dom,1,
2026-05-07T12:15:47+00:00,68596133,Social on Outram,2026-05-08,,SGD,none,0,Sold out on requested dates
2026-05-07T12:15:47+00:00,80245389,Social on Mayo,2026-05-08,87.00,SGD,dom,1,
2026-05-07T12:15:47+00:00,63668683,Hotel JJH,2026-05-08,77.00,SGD,dom,1,
2026-05-07T12:15:47+00:00,45214534,Amrise Hotel Kitchener,2026-05-08,88.00,SGD,dom,1,
2026-05-07T12:15:47+00:00,59828233,A Hotel Bugis,2026-05-08,94.00,SGD,dom,1,
2026-05-07T12:15:47+00:00,79994438,A Hotel Farrer Park,2026-05-08,84.00,SGD,dom,1,
2026-05-07T12:15:47+00:00,59798370,A Hotel Dickson,2026-05-08,67.00,SGD,dom,1,
2026-05-07T12:15:47+00:00,41984142,ST Signature Bugis Middle,2026-05-08,89.00,SGD,dom,1,
2026-05-07T12:15:47+00:00,90401,Link Hotel,2026-05-08,83.00,SGD,dom,1,
2026-05-07T13:01:20+00:00,68596133,Social on Outram,2026-05-08,,SGD,none,0,Sold out on requested dates
2026-05-07T13:01:20+00:00,80245389,Social on Mayo,2026-05-08,87.00,SGD,dom,1,
2026-05-07T13:01:20+00:00,63668683,Hotel JJH,2026-05-08,77.00,SGD,dom,1,
2026-05-07T13:01:20+00:00,45214534,Amrise Hotel Kitchener,2026-05-08,87.00,SGD,dom,1,
2026-05-07T13:01:20+00:00,59828233,A Hotel Bugis,2026-05-08,98.00,SGD,dom,1,
2026-05-07T13:01:20+00:00,79994438,A Hotel Farrer Park,2026-05-08,84.00,SGD,dom,1,
2026-05-07T13:01:20+00:00,59798370,A Hotel Dickson,2026-05-08,67.00,SGD,dom,1,
2026-05-07T13:01:20+00:00,41984142,ST Signature Bugis Middle,2026-05-08,89.00,SGD,dom,1,
2026-05-07T13:01:20+00:00,90401,Link Hotel,2026-05-08,83.00,SGD,dom,1,
2026-05-07T13:48:06+00:00,68596133,Social on Outram,2026-05-08,,SGD,none,0,Sold out on requested dates
2026-05-07T13:48:06+00:00,80245389,Social on Mayo,2026-05-08,87.00,SGD,dom,1,
2026-05-07T13:48:06+00:00,63668683,Hotel JJH,2026-05-08,77.00,SGD,dom,1,
2026-05-07T13:48:06+00:00,45214534,Amrise Hotel Kitchener,2026-05-08,87.00,SGD,dom,1,
2026-05-07T13:48:06+00:00,59828233,A Hotel Bugis,2026-05-08,98.00,SGD,dom,1,
2026-05-07T13:48:06+00:00,79994438,A Hotel Farrer Park,2026-05-08,84.00,SGD,dom,1,
2026-05-07T13:48:06+00:00,59798370,A Hotel Dickson,2026-05-08,67.00,SGD,dom,1,
2026-05-07T13:48:06+00:00,41984142,ST Signature Bugis Middle,2026-05-08,89.00,SGD,dom,1,
2026-05-07T13:48:06+00:00,90401,Link Hotel,2026-05-08,83.00,SGD,dom,1,
2026-05-07T14:46:35+00:00,68596133,Social on Outram,2026-05-08,,SGD,none,0,Sold out on requested dates
2026-05-07T14:46:35+00:00,80245389,Social on Mayo,2026-05-08,87.00,SGD,dom,1,
2026-05-07T14:46:35+00:00,63668683,Hotel JJH,2026-05-08,77.00,SGD,dom,1,
2026-05-07T14:46:35+00:00,45214534,Amrise Hotel Kitchener,2026-05-08,94.00,SGD,dom,1,
2026-05-07T14:46:35+00:00,59828233,A Hotel Bugis,2026-05-08,98.00,SGD,dom,1,
2026-05-07T14:46:35+00:00,79994438,A Hotel Farrer Park,2026-05-08,84.00,SGD,dom,1,
2026-05-07T14:46:35+00:00,59798370,A Hotel Dickson,2026-05-08,67.00,SGD,dom,1,
2026-05-07T14:46:35+00:00,41984142,ST Signature Bugis Middle,2026-05-08,89.00,SGD,dom,1,
2026-05-07T14:46:35+00:00,90401,Link Hotel,2026-05-08,83.00,SGD,dom,1,
2026-05-07T15:42:40+00:00,68596133,Social on Outram,2026-05-08,,SGD,none,0,Sold out on requested dates
2026-05-07T15:42:40+00:00,80245389,Social on Mayo,2026-05-08,87.00,SGD,dom,1,
2026-05-07T15:42:40+00:00,63668683,Hotel JJH,2026-05-08,77.00,SGD,dom,1,
2026-05-07T15:42:40+00:00,45214534,Amrise Hotel Kitchener,2026-05-08,95.00,SGD,dom,1,
2026-05-07T15:42:40+00:00,59828233,A Hotel Bugis,2026-05-08,98.00,SGD,dom,1,
2026-05-07T15:42:40+00:00,79994438,A Hotel Farrer Park,2026-05-08,84.00,SGD,dom,1,
2026-05-07T15:42:40+00:00,59798370,A Hotel Dickson,2026-05-08,67.00,SGD,dom,1,
2026-05-07T15:42:40+00:00,41984142,ST Signature Bugis Middle,2026-05-08,89.00,SGD,dom,1,
2026-05-07T15:42:40+00:00,90401,Link Hotel,2026-05-08,83.00,SGD,dom,1,
2026-05-07T16:23:05+00:00,68596133,Social on Outram,2026-05-08,,SGD,none,0,Sold out on requested dates
2026-05-07T16:23:05+00:00,80245389,Social on Mayo,2026-05-08,87.00,SGD,dom,1,
2026-05-07T16:23:05+00:00,63668683,Hotel JJH,2026-05-08,77.00,SGD,dom,1,
2026-05-07T16:23:05+00:00,45214534,Amrise Hotel Kitchener,2026-05-08,95.00,SGD,dom,1,
2026-05-07T16:23:05+00:00,59828233,A Hotel Bugis,2026-05-08,98.00,SGD,dom,1,
2026-05-07T16:23:05+00:00,79994438,A Hotel Farrer Park,2026-05-08,84.00,SGD,dom,1,
2026-05-07T16:23:05+00:00,59798370,A Hotel Dickson,2026-05-08,67.00,SGD,dom,1,
2026-05-07T16:23:05+00:00,41984142,ST Signature Bugis Middle,2026-05-08,89.00,SGD,dom,1,
2026-05-07T16:23:05+00:00,90401,Link Hotel,2026-05-08,83.00,SGD,dom,1,
2026-05-07T17:07:30+00:00,68596133,Social on Outram,2026-05-08,,SGD,none,0,Sold out on requested dates
2026-05-07T17:07:30+00:00,80245389,Social on Mayo,2026-05-08,87.00,SGD,dom,1,
2026-05-07T17:07:30+00:00,63668683,Hotel JJH,2026-05-08,77.00,SGD,dom,1,
2026-05-07T17:07:30+00:00,45214534,Amrise Hotel Kitchener,2026-05-08,95.00,SGD,dom,1,
2026-05-07T17:07:30+00:00,59828233,A Hotel Bugis,2026-05-08,98.00,SGD,dom,1,
2026-05-07T17:07:30+00:00,79994438,A Hotel Farrer Park,2026-05-08,84.00,SGD,dom,1,
2026-05-07T17:07:30+00:00,59798370,A Hotel Dickson,2026-05-08,67.00,SGD,dom,1,
2026-05-07T17:07:30+00:00,41984142,ST Signature Bugis Middle,2026-05-08,90.00,SGD,dom,1,
2026-05-07T17:07:30+00:00,90401,Link Hotel,2026-05-08,83.00,SGD,dom,1,
2026-05-07T17:48:10+00:00,68596133,Social on Outram,2026-05-08,,SGD,none,0,Sold out on requested dates
2026-05-07T17:48:10+00:00,80245389,Social on Mayo,2026-05-08,87.00,SGD,dom,1,
2026-05-07T17:48:10+00:00,63668683,Hotel JJH,2026-05-08,77.00,SGD,dom,1,
2026-05-07T17:48:10+00:00,45214534,Amrise Hotel Kitchener,2026-05-08,95.00,SGD,dom,1,
2026-05-07T17:48:10+00:00,59828233,A Hotel Bugis,2026-05-08,98.00,SGD,dom,1,
2026-05-07T17:48:10+00:00,79994438,A Hotel Farrer Park,2026-05-08,84.00,SGD,dom,1,
2026-05-07T17:48:10+00:00,59798370,A Hotel Dickson,2026-05-08,67.00,SGD,dom,1,
2026-05-07T17:48:10+00:00,41984142,ST Signature Bugis Middle,2026-05-08,90.00,SGD,dom,1,
2026-05-07T17:48:10+00:00,90401,Link Hotel,2026-05-08,83.00,SGD,dom,1,
2026-05-07T18:19:41+00:00,68596133,Social on Outram,2026-05-08,,SGD,none,0,Sold out on requested dates
2026-05-07T18:19:41+00:00,80245389,Social on Mayo,2026-05-08,87.00,SGD,dom,1,
2026-05-07T18:19:41+00:00,63668683,Hotel JJH,2026-05-08,77.00,SGD,dom,1,
2026-05-07T18:19:41+00:00,45214534,Amrise Hotel Kitchener,2026-05-08,95.00,SGD,dom,1,
2026-05-07T18:19:41+00:00,59828233,A Hotel Bugis,2026-05-08,98.00,SGD,dom,1,
2026-05-07T18:19:41+00:00,79994438,A Hotel Farrer Park,2026-05-08,84.00,SGD,dom,1,
2026-05-07T18:19:41+00:00,59798370,A Hotel Dickson,2026-05-08,67.00,SGD,dom,1,
2026-05-07T18:19:41+00:00,41984142,ST Signature Bugis Middle,2026-05-08,90.00,SGD,dom,1,
2026-05-07T18:19:41+00:00,90401,Link Hotel,2026-05-08,83.00,SGD,dom,1,
2026-05-07T18:59:59+00:00,68596133,Social on Outram,2026-05-08,,SGD,none,0,Sold out on requested dates
2026-05-07T18:59:59+00:00,80245389,Social on Mayo,2026-05-08,87.00,SGD,dom,1,
2026-05-07T18:59:59+00:00,63668683,Hotel JJH,2026-05-08,77.00,SGD,dom,1,
2026-05-07T18:59:59+00:00,45214534,Amrise Hotel Kitchener,2026-05-08,95.00,SGD,dom,1,
2026-05-07T18:59:59+00:00,59828233,A Hotel Bugis,2026-05-08,98.00,SGD,dom,1,
2026-05-07T18:59:59+00:00,79994438,A Hotel Farrer Park,2026-05-08,84.00,SGD,dom,1,
2026-05-07T18:59:59+00:00,59798370,A Hotel Dickson,2026-05-08,67.00,SGD,dom,1,
2026-05-07T18:59:59+00:00,41984142,ST Signature Bugis Middle,2026-05-08,90.00,SGD,dom,1,
2026-05-07T18:59:59+00:00,90401,Link Hotel,2026-05-08,83.00,SGD,dom,1,
2026-05-07T19:39:30+00:00,68596133,Social on Outram,2026-05-08,,SGD,none,0,Sold out on requested dates
2026-05-07T19:39:30+00:00,80245389,Social on Mayo,2026-05-08,87.00,SGD,dom,1,
2026-05-07T19:39:30+00:00,63668683,Hotel JJH,2026-05-08,77.00,SGD,dom,1,
2026-05-07T19:39:30+00:00,45214534,Amrise Hotel Kitchener,2026-05-08,95.00,SGD,dom,1,
2026-05-07T19:39:30+00:00,59828233,A Hotel Bugis,2026-05-08,98.00,SGD,dom,1,
2026-05-07T19:39:30+00:00,79994438,A Hotel Farrer Park,2026-05-08,89.00,SGD,dom,1,
2026-05-07T19:39:30+00:00,59798370,A Hotel Dickson,2026-05-08,67.00,SGD,dom,1,
2026-05-07T19:39:30+00:00,41984142,ST Signature Bugis Middle,2026-05-08,90.00,SGD,dom,1,
2026-05-07T19:39:30+00:00,90401,Link Hotel,2026-05-08,83.00,SGD,dom,1,
2026-05-07T20:09:08+00:00,68596133,Social on Outram,2026-05-08,,SGD,none,0,Sold out on requested dates
2026-05-07T20:09:08+00:00,80245389,Social on Mayo,2026-05-08,87.00,SGD,dom,1,
2026-05-07T20:09:08+00:00,63668683,Hotel JJH,2026-05-08,77.00,SGD,dom,1,
2026-05-07T20:09:08+00:00,45214534,Amrise Hotel Kitchener,2026-05-08,95.00,SGD,dom,1,
2026-05-07T20:09:08+00:00,59828233,A Hotel Bugis,2026-05-08,98.00,SGD,dom,1,
2026-05-07T20:09:08+00:00,79994438,A Hotel Farrer Park,2026-05-08,89.00,SGD,dom,1,
2026-05-07T20:09:08+00:00,59798370,A Hotel Dickson,2026-05-08,67.00,SGD,dom,1,
2026-05-07T20:09:08+00:00,41984142,ST Signature Bugis Middle,2026-05-08,90.00,SGD,dom,1,
2026-05-07T20:09:08+00:00,90401,Link Hotel,2026-05-08,83.00,SGD,dom,1,
2026-05-07T20:42:14+00:00,68596133,Social on Outram,2026-05-08,,SGD,none,0,Sold out on requested dates
2026-05-07T20:42:14+00:00,80245389,Social on Mayo,2026-05-08,87.00,SGD,dom,1,
2026-05-07T20:42:14+00:00,63668683,Hotel JJH,2026-05-08,77.00,SGD,dom,1,
2026-05-07T20:42:14+00:00,45214534,Amrise Hotel Kitchener,2026-05-08,95.00,SGD,dom,1,
2026-05-07T20:42:14+00:00,59828233,A Hotel Bugis,2026-05-08,98.00,SGD,dom,1,
2026-05-07T20:42:14+00:00,79994438,A Hotel Farrer Park,2026-05-08,89.00,SGD,dom,1,
2026-05-07T20:42:14+00:00,59798370,A Hotel Dickson,2026-05-08,67.00,SGD,dom,1,
2026-05-07T20:42:14+00:00,41984142,ST Signature Bugis Middle,2026-05-08,90.00,SGD,dom,1,
2026-05-07T20:42:14+00:00,90401,Link Hotel,2026-05-08,83.00,SGD,dom,1,
2026-05-07T21:09:56+00:00,68596133,Social on Outram,2026-05-08,,SGD,none,0,Sold out on requested dates
2026-05-07T21:09:56+00:00,80245389,Social on Mayo,2026-05-08,87.00,SGD,dom,1,
2026-05-07T21:09:56+00:00,63668683,Hotel JJH,2026-05-08,77.00,SGD,dom,1,
2026-05-07T21:09:56+00:00,45214534,Amrise Hotel Kitchener,2026-05-08,95.00,SGD,dom,1,
2026-05-07T21:09:56+00:00,59828233,A Hotel Bugis,2026-05-08,98.00,SGD,dom,1,
2026-05-07T21:09:56+00:00,79994438,A Hotel Farrer Park,2026-05-08,89.00,SGD,dom,1,
2026-05-07T21:09:56+00:00,59798370,A Hotel Dickson,2026-05-08,67.00,SGD,dom,1,
2026-05-07T21:09:56+00:00,41984142,ST Signature Bugis Middle,2026-05-08,90.00,SGD,dom,1,
2026-05-07T21:09:56+00:00,90401,Link Hotel,2026-05-08,83.00,SGD,dom,1,
2026-05-07T21:34:32+00:00,68596133,Social on Outram,2026-05-08,,SGD,none,0,Sold out on requested dates
2026-05-07T21:34:32+00:00,80245389,Social on Mayo,2026-05-08,87.00,SGD,dom,1,
2026-05-07T21:34:32+00:00,63668683,Hotel JJH,2026-05-08,77.00,SGD,dom,1,
2026-05-07T21:34:32+00:00,45214534,Amrise Hotel Kitchener,2026-05-08,95.00,SGD,dom,1,
2026-05-07T21:34:32+00:00,59828233,A Hotel Bugis,2026-05-08,98.00,SGD,dom,1,
2026-05-07T21:34:32+00:00,79994438,A Hotel Farrer Park,2026-05-08,89.00,SGD,dom,1,
2026-05-07T21:34:32+00:00,59798370,A Hotel Dickson,2026-05-08,67.00,SGD,dom,1,
2026-05-07T21:34:32+00:00,41984142,ST Signature Bugis Middle,2026-05-08,90.00,SGD,dom,1,
2026-05-07T21:34:32+00:00,90401,Link Hotel,2026-05-08,83.00,SGD,dom,1,
2026-05-07T21:59:22+00:00,68596133,Social on Outram,2026-05-08,,SGD,none,0,Sold out on requested dates
2026-05-07T21:59:22+00:00,80245389,Social on Mayo,2026-05-08,87.00,SGD,dom,1,
2026-05-07T21:59:22+00:00,63668683,Hotel JJH,2026-05-08,77.00,SGD,dom,1,
2026-05-07T21:59:22+00:00,45214534,Amrise Hotel Kitchener,2026-05-08,95.00,SGD,dom,1,
2026-05-07T21:59:22+00:00,59828233,A Hotel Bugis,2026-05-08,98.00,SGD,dom,1,
2026-05-07T21:59:22+00:00,79994438,A Hotel Farrer Park,2026-05-08,89.00,SGD,dom,1,
2026-05-07T21:59:22+00:00,59798370,A Hotel Dickson,2026-05-08,67.00,SGD,dom,1,
2026-05-07T21:59:22+00:00,41984142,ST Signature Bugis Middle,2026-05-08,90.00,SGD,dom,1,
2026-05-07T21:59:22+00:00,90401,Link Hotel,2026-05-08,83.00,SGD,dom,1,
2026-05-07T22:31:39+00:00,68596133,Social on Outram,2026-05-08,,SGD,none,0,Sold out on requested dates
2026-05-07T22:31:39+00:00,80245389,Social on Mayo,2026-05-08,87.00,SGD,dom,1,
2026-05-07T22:31:39+00:00,63668683,Hotel JJH,2026-05-08,77.00,SGD,dom,1,
2026-05-07T22:31:39+00:00,45214534,Amrise Hotel Kitchener,2026-05-08,95.00,SGD,dom,1,
2026-05-07T22:31:39+00:00,59828233,A Hotel Bugis,2026-05-08,98.00,SGD,dom,1,
2026-05-07T22:31:39+00:00,79994438,A Hotel Farrer Park,2026-05-08,89.00,SGD,dom,1,
2026-05-07T22:31:39+00:00,59798370,A Hotel Dickson,2026-05-08,67.00,SGD,dom,1,
2026-05-07T22:31:39+00:00,41984142,ST Signature Bugis Middle,2026-05-08,90.00,SGD,dom,1,
2026-05-07T22:31:39+00:00,90401,Link Hotel,2026-05-08,83.00,SGD,dom,1,
2026-05-07T22:56:17+00:00,68596133,Social on Outram,2026-05-08,,SGD,none,0,Sold out on requested dates
2026-05-07T22:56:17+00:00,80245389,Social on Mayo,2026-05-08,87.00,SGD,dom,1,
2026-05-07T22:56:17+00:00,63668683,Hotel JJH,2026-05-08,77.00,SGD,dom,1,
2026-05-07T22:56:17+00:00,45214534,Amrise Hotel Kitchener,2026-05-08,95.00,SGD,dom,1,
2026-05-07T22:56:17+00:00,59828233,A Hotel Bugis,2026-05-08,98.00,SGD,dom,1,
2026-05-07T22:56:17+00:00,79994438,A Hotel Farrer Park,2026-05-08,89.00,SGD,dom,1,
2026-05-07T22:56:17+00:00,59798370,A Hotel Dickson,2026-05-08,67.00,SGD,dom,1,
2026-05-07T22:56:17+00:00,41984142,ST Signature Bugis Middle,2026-05-08,90.00,SGD,dom,1,
2026-05-07T22:56:17+00:00,90401,Link Hotel,2026-05-08,83.00,SGD,dom,1,
2026-05-07T23:19:31+00:00,68596133,Social on Outram,2026-05-08,,SGD,none,0,Sold out on requested dates
2026-05-07T23:19:31+00:00,80245389,Social on Mayo,2026-05-08,87.00,SGD,dom,1,
2026-05-07T23:19:31+00:00,63668683,Hotel JJH,2026-05-08,77.00,SGD,dom,1,
2026-05-07T23:19:31+00:00,45214534,Amrise Hotel Kitchener,2026-05-08,95.00,SGD,dom,1,
2026-05-07T23:19:31+00:00,59828233,A Hotel Bugis,2026-05-08,98.00,SGD,dom,1,
2026-05-07T23:19:31+00:00,79994438,A Hotel Farrer Park,2026-05-08,89.00,SGD,dom,1,
2026-05-07T23:19:31+00:00,59798370,A Hotel Dickson,2026-05-08,67.00,SGD,dom,1,
2026-05-07T23:19:31+00:00,41984142,ST Signature Bugis Middle,2026-05-08,90.00,SGD,dom,1,
2026-05-07T23:19:31+00:00,90401,Link Hotel,2026-05-08,83.00,SGD,dom,1,
2026-05-07T23:40:32+00:00,68596133,Social on Outram,2026-05-08,,SGD,none,0,Sold out on requested dates
2026-05-07T23:40:32+00:00,80245389,Social on Mayo,2026-05-08,87.00,SGD,dom,1,
2026-05-07T23:40:32+00:00,63668683,Hotel JJH,2026-05-08,77.00,SGD,dom,1,
2026-05-07T23:40:32+00:00,45214534,Amrise Hotel Kitchener,2026-05-08,95.00,SGD,dom,1,
2026-05-07T23:40:32+00:00,59828233,A Hotel Bugis,2026-05-08,98.00,SGD,dom,1,
2026-05-07T23:40:32+00:00,79994438,A Hotel Farrer Park,2026-05-08,89.00,SGD,dom,1,
2026-05-07T23:40:32+00:00,59798370,A Hotel Dickson,2026-05-08,67.00,SGD,dom,1,
2026-05-07T23:40:32+00:00,41984142,ST Signature Bugis Middle,2026-05-08,90.00,SGD,dom,1,
2026-05-07T23:40:32+00:00,90401,Link Hotel,2026-05-08,83.00,SGD,dom,1,
2026-05-08T00:04:15+00:00,68596133,Social on Outram,2026-05-08,,SGD,none,0,Sold out on requested dates
2026-05-08T00:04:15+00:00,80245389,Social on Mayo,2026-05-08,87.00,SGD,dom,1,
2026-05-08T00:04:15+00:00,63668683,Hotel JJH,2026-05-08,77.00,SGD,dom,1,
2026-05-08T00:04:15+00:00,45214534,Amrise Hotel Kitchener,2026-05-08,95.00,SGD,dom,1,
2026-05-08T00:04:15+00:00,59828233,A Hotel Bugis,2026-05-08,98.00,SGD,dom,1,
2026-05-08T00:04:15+00:00,79994438,A Hotel Farrer Park,2026-05-08,89.00,SGD,dom,1,
2026-05-08T00:04:15+00:00,59798370,A Hotel Dickson,2026-05-08,67.00,SGD,dom,1,
2026-05-08T00:04:15+00:00,41984142,ST Signature Bugis Middle,2026-05-08,90.00,SGD,dom,1,
2026-05-08T00:04:15+00:00,90401,Link Hotel,2026-05-08,83.00,SGD,dom,1,
2026-05-08T01:08:32+00:00,68596133,Social on Outram,2026-05-08,87.00,SGD,html,4,
2026-05-08T01:08:33+00:00,80245389,Social on Mayo,2026-05-08,87.00,SGD,dom,1,
2026-05-08T01:08:33+00:00,63668683,Hotel JJH,2026-05-08,77.00,SGD,dom,1,
2026-05-08T01:08:33+00:00,45214534,Amrise Hotel Kitchener,2026-05-08,95.00,SGD,dom,1,
2026-05-08T01:08:33+00:00,59828233,A Hotel Bugis,2026-05-08,98.00,SGD,dom,1,
2026-05-08T01:08:33+00:00,79994438,A Hotel Farrer Park,2026-05-08,89.00,SGD,dom,1,
2026-05-08T01:08:33+00:00,59798370,A Hotel Dickson,2026-05-08,67.00,SGD,dom,1,
2026-05-08T01:08:33+00:00,41984142,ST Signature Bugis Middle,2026-05-08,85.00,SGD,dom,1,
2026-05-08T01:08:33+00:00,90401,Link Hotel,2026-05-08,83.00,SGD,dom,1,
2026-05-08T01:52:27+00:00,68596133,Social on Outram,2026-05-08,,SGD,none,0,Sold out on requested dates
2026-05-08T01:52:27+00:00,80245389,Social on Mayo,2026-05-08,87.00,SGD,dom,1,
2026-05-08T01:52:27+00:00,63668683,Hotel JJH,2026-05-08,77.00,SGD,dom,1,
2026-05-08T01:52:27+00:00,45214534,Amrise Hotel Kitchener,2026-05-08,91.00,SGD,dom,1,
2026-05-08T01:52:27+00:00,59828233,A Hotel Bugis,2026-05-08,98.00,SGD,dom,1,
2026-05-08T01:52:27+00:00,79994438,A Hotel Farrer Park,2026-05-08,89.00,SGD,dom,1,
2026-05-08T01:52:27+00:00,59798370,A Hotel Dickson,2026-05-08,67.00,SGD,dom,1,
2026-05-08T01:52:27+00:00,41984142,ST Signature Bugis Middle,2026-05-08,85.00,SGD,dom,1,
2026-05-08T01:52:27+00:00,90401,Link Hotel,2026-05-08,83.00,SGD,dom,1,
2026-05-08T02:56:02+00:00,68596133,Social on Outram,2026-05-08,,SGD,none,0,Sold out on requested dates
2026-05-08T02:56:02+00:00,80245389,Social on Mayo,2026-05-08,87.00,SGD,dom,1,
2026-05-08T02:56:02+00:00,63668683,Hotel JJH,2026-05-08,73.00,SGD,dom,1,
2026-05-08T02:56:02+00:00,45214534,Amrise Hotel Kitchener,2026-05-08,91.00,SGD,dom,1,
2026-05-08T02:56:02+00:00,59828233,A Hotel Bugis,2026-05-08,96.00,SGD,dom,1,
2026-05-08T02:56:02+00:00,79994438,A Hotel Farrer Park,2026-05-08,89.00,SGD,dom,1,
2026-05-08T02:56:02+00:00,59798370,A Hotel Dickson,2026-05-08,67.00,SGD,dom,1,
2026-05-08T02:56:02+00:00,41984142,ST Signature Bugis Middle,2026-05-08,85.00,SGD,dom,1,
2026-05-08T02:56:02+00:00,90401,Link Hotel,2026-05-08,83.00,SGD,dom,1,
2026-05-08T04:05:15+00:00,68596133,Social on Outram,2026-05-08,,SGD,none,0,Sold out on requested dates
2026-05-08T04:05:15+00:00,80245389,Social on Mayo,2026-05-08,76.00,SGD,dom,1,
2026-05-08T04:05:16+00:00,63668683,Hotel JJH,2026-05-08,73.00,SGD,dom,1,
2026-05-08T04:05:16+00:00,45214534,Amrise Hotel Kitchener,2026-05-08,91.00,SGD,dom,1,
2026-05-08T04:05:16+00:00,59828233,A Hotel Bugis,2026-05-08,96.00,SGD,dom,1,
2026-05-08T04:05:16+00:00,79994438,A Hotel Farrer Park,2026-05-08,88.00,SGD,dom,1,
2026-05-08T04:05:16+00:00,59798370,A Hotel Dickson,2026-05-08,67.00,SGD,dom,1,
2026-05-08T04:05:16+00:00,41984142,ST Signature Bugis Middle,2026-05-08,85.00,SGD,dom,1,
2026-05-08T04:05:16+00:00,90401,Link Hotel,2026-05-08,83.00,SGD,dom,1,
2026-05-08T05:12:04+00:00,68596133,Social on Outram,2026-05-08,,SGD,none,0,Sold out on requested dates
2026-05-08T05:12:04+00:00,80245389,Social on Mayo,2026-05-08,76.00,SGD,dom,1,
2026-05-08T05:12:04+00:00,63668683,Hotel JJH,2026-05-08,73.00,SGD,dom,1,
2026-05-08T05:12:04+00:00,45214534,Amrise Hotel Kitchener,2026-05-08,91.00,SGD,dom,1,
2026-05-08T05:12:04+00:00,59828233,A Hotel Bugis,2026-05-08,91.00,SGD,dom,1,
2026-05-08T05:12:04+00:00,79994438,A Hotel Farrer Park,2026-05-08,85.00,SGD,dom,1,
2026-05-08T05:12:04+00:00,59798370,A Hotel Dickson,2026-05-08,67.00,SGD,dom,1,
2026-05-08T05:12:04+00:00,41984142,ST Signature Bugis Middle,2026-05-08,84.00,SGD,dom,1,
2026-05-08T05:12:04+00:00,90401,Link Hotel,2026-05-08,83.00,SGD,dom,1,
2026-05-08T05:55:59+00:00,68596133,Social on Outram,2026-05-08,,SGD,none,0,Sold out on requested dates
2026-05-08T05:55:59+00:00,80245389,Social on Mayo,2026-05-08,76.00,SGD,dom,1,
2026-05-08T05:55:59+00:00,63668683,Hotel JJH,2026-05-08,73.00,SGD,dom,1,
2026-05-08T05:55:59+00:00,45214534,Amrise Hotel Kitchener,2026-05-08,91.00,SGD,dom,1,
2026-05-08T05:55:59+00:00,59828233,A Hotel Bugis,2026-05-08,91.00,SGD,dom,1,
2026-05-08T05:55:59+00:00,79994438,A Hotel Farrer Park,2026-05-08,80.00,SGD,dom,1,
2026-05-08T05:55:59+00:00,59798370,A Hotel Dickson,2026-05-08,67.00,SGD,dom,1,
2026-05-08T05:55:59+00:00,41984142,ST Signature Bugis Middle,2026-05-08,84.00,SGD,dom,1,
2026-05-08T05:55:59+00:00,90401,Link Hotel,2026-05-08,83.00,SGD,dom,1,
2026-05-08T06:33:43+00:00,68596133,Social on Outram,2026-05-08,,SGD,none,0,Sold out on requested dates
2026-05-08T06:33:43+00:00,80245389,Social on Mayo,2026-05-08,76.00,SGD,dom,1,
2026-05-08T06:33:43+00:00,63668683,Hotel JJH,2026-05-08,73.00,SGD,dom,1,
2026-05-08T06:33:43+00:00,45214534,Amrise Hotel Kitchener,2026-05-08,91.00,SGD,dom,1,
2026-05-08T06:33:43+00:00,59828233,A Hotel Bugis,2026-05-08,91.00,SGD,dom,1,
2026-05-08T06:33:43+00:00,79994438,A Hotel Farrer Park,2026-05-08,80.00,SGD,dom,1,
2026-05-08T06:33:43+00:00,59798370,A Hotel Dickson,2026-05-08,67.00,SGD,dom,1,
2026-05-08T06:33:43+00:00,41984142,ST Signature Bugis Middle,2026-05-08,84.00,SGD,dom,1,
2026-05-08T06:33:43+00:00,90401,Link Hotel,2026-05-08,83.00,SGD,dom,1,
2026-05-08T07:09:58+00:00,68596133,Social on Outram,2026-05-08,,SGD,none,0,Sold out on requested dates
2026-05-08T07:09:58+00:00,80245389,Social on Mayo,2026-05-08,76.00,SGD,dom,1,
2026-05-08T07:09:58+00:00,63668683,Hotel JJH,2026-05-08,73.00,SGD,dom,1,
2026-05-08T07:09:58+00:00,45214534,Amrise Hotel Kitchener,2026-05-08,77.00,SGD,dom,1,
2026-05-08T07:09:59+00:00,59828233,A Hotel Bugis,2026-05-08,91.00,SGD,dom,1,
2026-05-08T07:09:59+00:00,79994438,A Hotel Farrer Park,2026-05-08,80.00,SGD,dom,1,
2026-05-08T07:09:59+00:00,59798370,A Hotel Dickson,2026-05-08,77.00,SGD,dom,1,
2026-05-08T07:10:00+00:00,41984142,ST Signature Bugis Middle,2026-05-08,81.00,SGD,dom,1,
2026-05-08T07:10:00+00:00,90401,Link Hotel,2026-05-08,78.00,SGD,dom,1,
2026-05-08T07:51:22+00:00,68596133,Social on Outram,2026-05-08,,SGD,none,0,Sold out on requested dates
2026-05-08T07:51:22+00:00,80245389,Social on Mayo,2026-05-08,76.00,SGD,dom,1,
2026-05-08T07:51:22+00:00,63668683,Hotel JJH,2026-05-08,73.00,SGD,dom,1,
2026-05-08T07:51:22+00:00,45214534,Amrise Hotel Kitchener,2026-05-08,77.00,SGD,dom,1,
2026-05-08T07:51:22+00:00,59828233,A Hotel Bugis,2026-05-08,91.00,SGD,dom,1,
2026-05-08T07:51:22+00:00,79994438,A Hotel Farrer Park,2026-05-08,80.00,SGD,dom,1,
2026-05-08T07:51:22+00:00,59798370,A Hotel Dickson,2026-05-08,96.00,SGD,dom,1,
2026-05-08T07:51:23+00:00,41984142,ST Signature Bugis Middle,2026-05-08,81.00,SGD,dom,1,
2026-05-08T07:51:23+00:00,90401,Link Hotel,2026-05-08,83.00,SGD,dom,1,
2026-05-08T08:23:37+00:00,68596133,Social on Outram,2026-05-08,,SGD,none,0,Sold out on requested dates
2026-05-08T08:23:37+00:00,80245389,Social on Mayo,2026-05-08,76.00,SGD,dom,1,
2026-05-08T08:23:37+00:00,63668683,Hotel JJH,2026-05-08,74.00,SGD,dom,1,
2026-05-08T08:23:37+00:00,45214534,Amrise Hotel Kitchener,2026-05-08,77.00,SGD,dom,1,
2026-05-08T08:23:37+00:00,59828233,A Hotel Bugis,2026-05-08,92.00,SGD,dom,1,
2026-05-08T08:23:37+00:00,79994438,A Hotel Farrer Park,2026-05-08,85.00,SGD,dom,1,
2026-05-08T08:23:37+00:00,59798370,A Hotel Dickson,2026-05-08,96.00,SGD,dom,1,
2026-05-08T08:23:37+00:00,41984142,ST Signature Bugis Middle,2026-05-08,80.00,SGD,dom,1,
2026-05-08T08:23:37+00:00,90401,Link Hotel,2026-05-08,78.00,SGD,dom,1,
2026-05-08T08:57:51+00:00,68596133,Social on Outram,2026-05-08,,SGD,none,0,Sold out on requested dates
2026-05-08T08:57:51+00:00,80245389,Social on Mayo,2026-05-08,76.00,SGD,dom,1,
2026-05-08T08:57:51+00:00,63668683,Hotel JJH,2026-05-08,72.00,SGD,dom,1,
2026-05-08T08:57:51+00:00,45214534,Amrise Hotel Kitchener,2026-05-08,77.00,SGD,dom,1,
2026-05-08T08:57:51+00:00,59828233,A Hotel Bugis,2026-05-08,92.00,SGD,dom,1,
2026-05-08T08:57:51+00:00,79994438,A Hotel Farrer Park,2026-05-08,85.00,SGD,dom,1,
2026-05-08T08:57:51+00:00,59798370,A Hotel Dickson,2026-05-08,96.00,SGD,dom,1,
2026-05-08T08:57:51+00:00,41984142,ST Signature Bugis Middle,2026-05-08,81.00,SGD,dom,1,
2026-05-08T08:57:51+00:00,90401,Link Hotel,2026-05-08,78.00,SGD,dom,1,
2026-05-08T09:38:41+00:00,68596133,Social on Outram,2026-05-08,,SGD,none,0,Sold out on requested dates
2026-05-08T09:38:41+00:00,80245389,Social on Mayo,2026-05-08,76.00,SGD,dom,1,
2026-05-08T09:38:41+00:00,63668683,Hotel JJH,2026-05-08,72.00,SGD,dom,1,
2026-05-08T09:38:41+00:00,45214534,Amrise Hotel Kitchener,2026-05-08,70.00,SGD,dom,1,
2026-05-08T09:38:41+00:00,59828233,A Hotel Bugis,2026-05-08,77.00,SGD,dom,1,
2026-05-08T09:38:42+00:00,79994438,A Hotel Farrer Park,2026-05-08,85.00,SGD,dom,1,
2026-05-08T09:38:42+00:00,59798370,A Hotel Dickson,2026-05-08,55.00,SGD,dom,1,
2026-05-08T09:38:42+00:00,41984142,ST Signature Bugis Middle,2026-05-08,81.00,SGD,dom,1,
2026-05-08T09:38:42+00:00,90401,Link Hotel,2026-05-08,78.00,SGD,dom,1,
2026-05-08T10:11:40+00:00,68596133,Social on Outram,2026-05-08,,SGD,none,0,Sold out on requested dates
2026-05-08T10:11:40+00:00,80245389,Social on Mayo,2026-05-08,76.00,SGD,dom,1,
2026-05-08T10:11:40+00:00,63668683,Hotel JJH,2026-05-08,72.00,SGD,dom,1,
2026-05-08T10:11:40+00:00,45214534,Amrise Hotel Kitchener,2026-05-08,70.00,SGD,dom,1,
2026-05-08T10:11:40+00:00,59828233,A Hotel Bugis,2026-05-08,81.00,SGD,dom,1,
2026-05-08T10:11:40+00:00,79994438,A Hotel Farrer Park,2026-05-08,88.00,SGD,dom,1,
2026-05-08T10:11:40+00:00,59798370,A Hotel Dickson,2026-05-08,55.00,SGD,dom,1,
2026-05-08T10:11:40+00:00,41984142,ST Signature Bugis Middle,2026-05-08,81.00,SGD,dom,1,
2026-05-08T10:11:40+00:00,90401,Link Hotel,2026-05-08,78.00,SGD,dom,1,
2026-05-08T10:49:44+00:00,68596133,Social on Outram,2026-05-08,,SGD,none,0,Sold out on requested dates
2026-05-08T10:49:44+00:00,80245389,Social on Mayo,2026-05-08,76.00,SGD,dom,1,
2026-05-08T10:49:44+00:00,63668683,Hotel JJH,2026-05-08,72.00,SGD,dom,1,
2026-05-08T10:49:44+00:00,45214534,Amrise Hotel Kitchener,2026-05-08,67.00,SGD,dom,1,
2026-05-08T10:49:44+00:00,59828233,A Hotel Bugis,2026-05-08,83.00,SGD,dom,1,
2026-05-08T10:49:44+00:00,79994438,A Hotel Farrer Park,2026-05-08,94.00,SGD,dom,1,
2026-05-08T10:49:44+00:00,59798370,A Hotel Dickson,2026-05-08,56.00,SGD,dom,1,
2026-05-08T10:49:44+00:00,41984142,ST Signature Bugis Middle,2026-05-08,82.00,SGD,dom,1,
2026-05-08T10:49:44+00:00,90401,Link Hotel,2026-05-08,78.00,SGD,dom,1,
2026-05-08T11:21:50+00:00,68596133,Social on Outram,2026-05-08,,SGD,none,0,Sold out on requested dates
2026-05-08T11:21:50+00:00,80245389,Social on Mayo,2026-05-08,76.00,SGD,dom,1,
2026-05-08T11:21:50+00:00,63668683,Hotel JJH,2026-05-08,72.00,SGD,dom,1,
2026-05-08T11:21:50+00:00,45214534,Amrise Hotel Kitchener,2026-05-08,67.00,SGD,dom,1,
2026-05-08T11:21:50+00:00,59828233,A Hotel Bugis,2026-05-08,83.00,SGD,dom,1,
2026-05-08T11:21:50+00:00,79994438,A Hotel Farrer Park,2026-05-08,94.00,SGD,dom,1,
2026-05-08T11:21:50+00:00,59798370,A Hotel Dickson,2026-05-08,56.00,SGD,dom,1,
2026-05-08T11:21:50+00:00,41984142,ST Signature Bugis Middle,2026-05-08,82.00,SGD,dom,1,
2026-05-08T11:21:50+00:00,90401,Link Hotel,2026-05-08,78.00,SGD,dom,1,
2026-05-08T11:55:03+00:00,68596133,Social on Outram,2026-05-08,,SGD,none,0,Sold out on requested dates
2026-05-08T11:55:03+00:00,80245389,Social on Mayo,2026-05-08,76.00,SGD,dom,1,
2026-05-08T11:55:03+00:00,63668683,Hotel JJH,2026-05-08,72.00,SGD,dom,1,
2026-05-08T11:55:03+00:00,45214534,Amrise Hotel Kitchener,2026-05-08,67.00,SGD,dom,1,
2026-05-08T11:55:03+00:00,59828233,A Hotel Bugis,2026-05-08,83.00,SGD,dom,1,
2026-05-08T11:55:03+00:00,79994438,A Hotel Farrer Park,2026-05-08,87.00,SGD,dom,1,
2026-05-08T11:55:03+00:00,59798370,A Hotel Dickson,2026-05-08,56.00,SGD,dom,1,
2026-05-08T11:55:03+00:00,41984142,ST Signature Bugis Middle,2026-05-08,87.00,SGD,dom,1,
2026-05-08T11:55:03+00:00,90401,Link Hotel,2026-05-08,78.00,SGD,dom,1,
2026-05-08T12:21:37+00:00,68596133,Social on Outram,2026-05-08,,SGD,none,0,Sold out on requested dates
2026-05-08T12:21:37+00:00,80245389,Social on Mayo,2026-05-08,76.00,SGD,dom,1,
2026-05-08T12:21:37+00:00,63668683,Hotel JJH,2026-05-08,72.00,SGD,dom,1,
2026-05-08T12:21:37+00:00,45214534,Amrise Hotel Kitchener,2026-05-08,67.00,SGD,dom,1,
2026-05-08T12:21:37+00:00,59828233,A Hotel Bugis,2026-05-08,83.00,SGD,dom,1,
2026-05-08T12:21:37+00:00,79994438,A Hotel Farrer Park,2026-05-08,87.00,SGD,dom,1,
2026-05-08T12:21:37+00:00,59798370,A Hotel Dickson,2026-05-08,56.00,SGD,dom,1,
2026-05-08T12:21:37+00:00,41984142,ST Signature Bugis Middle,2026-05-08,87.00,SGD,dom,1,
2026-05-08T12:21:37+00:00,90401,Link Hotel,2026-05-08,78.00,SGD,dom,1,
2026-05-08T12:57:16+00:00,68596133,Social on Outram,2026-05-08,76.00,SGD,html,2,
2026-05-08T12:57:16+00:00,80245389,Social on Mayo,2026-05-08,76.00,SGD,dom,1,
2026-05-08T12:57:16+00:00,63668683,Hotel JJH,2026-05-08,72.00,SGD,dom,1,
2026-05-08T12:57:16+00:00,45214534,Amrise Hotel Kitchener,2026-05-08,67.00,SGD,dom,1,
2026-05-08T12:57:16+00:00,59828233,A Hotel Bugis,2026-05-08,83.00,SGD,dom,1,
2026-05-08T12:57:16+00:00,79994438,A Hotel Farrer Park,2026-05-08,87.00,SGD,dom,1,
2026-05-08T12:57:16+00:00,59798370,A Hotel Dickson,2026-05-08,56.00,SGD,dom,1,
2026-05-08T12:57:16+00:00,41984142,ST Signature Bugis Middle,2026-05-08,87.00,SGD,dom,1,
2026-05-08T12:57:16+00:00,90401,Link Hotel,2026-05-08,78.00,SGD,dom,1,
2026-05-08T13:30:23+00:00,68596133,Social on Outram,2026-05-08,,SGD,none,0,Sold out on requested dates
2026-05-08T13:30:23+00:00,80245389,Social on Mayo,2026-05-08,76.00,SGD,dom,1,
2026-05-08T13:30:23+00:00,63668683,Hotel JJH,2026-05-08,72.00,SGD,dom,1,
2026-05-08T13:30:23+00:00,45214534,Amrise Hotel Kitchener,2026-05-08,67.00,SGD,dom,1,
2026-05-08T13:30:23+00:00,59828233,A Hotel Bugis,2026-05-08,83.00,SGD,dom,1,
2026-05-08T13:30:23+00:00,79994438,A Hotel Farrer Park,2026-05-08,87.00,SGD,dom,1,
2026-05-08T13:30:23+00:00,59798370,A Hotel Dickson,2026-05-08,56.00,SGD,dom,1,
2026-05-08T13:30:23+00:00,41984142,ST Signature Bugis Middle,2026-05-08,87.00,SGD,dom,1,
2026-05-08T13:30:23+00:00,90401,Link Hotel,2026-05-08,78.00,SGD,dom,1,
2026-05-08T14:18:31+00:00,68596133,Social on Outram,2026-05-08,,SGD,none,0,Sold out on requested dates
2026-05-08T14:18:31+00:00,80245389,Social on Mayo,2026-05-08,76.00,SGD,dom,1,
2026-05-08T14:18:31+00:00,63668683,Hotel JJH,2026-05-08,72.00,SGD,dom,1,
2026-05-08T14:18:31+00:00,45214534,Amrise Hotel Kitchener,2026-05-08,67.00,SGD,dom,1,
2026-05-08T14:18:31+00:00,59828233,A Hotel Bugis,2026-05-08,83.00,SGD,dom,1,
2026-05-08T14:18:31+00:00,79994438,A Hotel Farrer Park,2026-05-08,87.00,SGD,dom,1,
2026-05-08T14:18:31+00:00,59798370,A Hotel Dickson,2026-05-08,56.00,SGD,dom,1,
2026-05-08T14:18:31+00:00,41984142,ST Signature Bugis Middle,2026-05-08,87.00,SGD,dom,1,
2026-05-08T14:18:31+00:00,90401,Link Hotel,2026-05-08,78.00,SGD,dom,1,
2026-05-08T15:01:29+00:00,68596133,Social on Outram,2026-05-08,,SGD,none,0,Sold out on requested dates
2026-05-08T15:01:29+00:00,80245389,Social on Mayo,2026-05-08,76.00,SGD,dom,1,
2026-05-08T15:01:29+00:00,63668683,Hotel JJH,2026-05-08,72.00,SGD,dom,1,
2026-05-08T15:01:29+00:00,45214534,Amrise Hotel Kitchener,2026-05-08,70.00,SGD,dom,1,
2026-05-08T15:01:29+00:00,59828233,A Hotel Bugis,2026-05-08,83.00,SGD,dom,1,
2026-05-08T15:01:29+00:00,79994438,A Hotel Farrer Park,2026-05-08,87.00,SGD,dom,1,
2026-05-08T15:01:29+00:00,59798370,A Hotel Dickson,2026-05-08,56.00,SGD,dom,1,
2026-05-08T15:01:29+00:00,41984142,ST Signature Bugis Middle,2026-05-08,87.00,SGD,dom,1,
2026-05-08T15:01:29+00:00,90401,Link Hotel,2026-05-08,78.00,SGD,dom,1,
2026-05-08T15:43:22+00:00,68596133,Social on Outram,2026-05-08,,SGD,none,0,Sold out on requested dates
2026-05-08T15:43:22+00:00,80245389,Social on Mayo,2026-05-08,139.00,SGD,html,2,
2026-05-08T15:43:23+00:00,63668683,Hotel JJH,2026-05-08,72.00,SGD,dom,1,
2026-05-08T15:43:23+00:00,45214534,Amrise Hotel Kitchener,2026-05-08,74.00,SGD,dom,1,
2026-05-08T15:43:23+00:00,59828233,A Hotel Bugis,2026-05-08,83.00,SGD,dom,1,
2026-05-08T15:43:23+00:00,79994438,A Hotel Farrer Park,2026-05-08,72.00,SGD,dom,1,
2026-05-08T15:43:23+00:00,59798370,A Hotel Dickson,2026-05-08,56.00,SGD,dom,1,
2026-05-08T15:43:23+00:00,41984142,ST Signature Bugis Middle,2026-05-08,87.00,SGD,dom,1,
2026-05-08T15:43:23+00:00,90401,Link Hotel,2026-05-08,78.00,SGD,dom,1,
2026-05-08T16:16:18+00:00,68596133,Social on Outram,2026-05-08,,SGD,none,0,Sold out on requested dates
2026-05-08T16:16:18+00:00,80245389,Social on Mayo,2026-05-08,,SGD,none,0,Sold out on requested dates
2026-05-08T16:16:18+00:00,63668683,Hotel JJH,2026-05-08,72.00,SGD,dom,1,
2026-05-08T16:16:18+00:00,45214534,Amrise Hotel Kitchener,2026-05-08,74.00,SGD,dom,1,
2026-05-08T16:16:18+00:00,59828233,A Hotel Bugis,2026-05-08,87.00,SGD,dom,1,
2026-05-08T16:16:18+00:00,79994438,A Hotel Farrer Park,2026-05-08,72.00,SGD,dom,1,
2026-05-08T16:16:18+00:00,59798370,A Hotel Dickson,2026-05-08,58.00,SGD,dom,1,
2026-05-08T16:16:18+00:00,41984142,ST Signature Bugis Middle,2026-05-08,87.00,SGD,dom,1,
2026-05-08T16:16:18+00:00,90401,Link Hotel,2026-05-08,83.00,SGD,dom,1,
2026-05-08T16:49:38+00:00,68596133,Social on Outram,2026-05-08,,SGD,none,0,Sold out on requested dates
2026-05-08T16:49:38+00:00,80245389,Social on Mayo,2026-05-08,,SGD,none,0,Sold out on requested dates
2026-05-08T16:49:38+00:00,63668683,Hotel JJH,2026-05-08,72.00,SGD,dom,1,
2026-05-08T16:49:38+00:00,45214534,Amrise Hotel Kitchener,2026-05-08,74.00,SGD,dom,1,
2026-05-08T16:49:38+00:00,59828233,A Hotel Bugis,2026-05-08,87.00,SGD,dom,1,
2026-05-08T16:49:38+00:00,79994438,A Hotel Farrer Park,2026-05-08,72.00,SGD,dom,1,
2026-05-08T16:49:38+00:00,59798370,A Hotel Dickson,2026-05-08,58.00,SGD,dom,1,
2026-05-08T16:49:38+00:00,41984142,ST Signature Bugis Middle,2026-05-08,87.00,SGD,dom,1,
2026-05-08T16:49:38+00:00,90401,Link Hotel,2026-05-08,83.00,SGD,dom,1,
2026-05-08T17:21:44+00:00,68596133,Social on Outram,2026-05-08,,SGD,none,0,Sold out on requested dates
2026-05-08T17:21:44+00:00,80245389,Social on Mayo,2026-05-08,,SGD,none,0,Sold out on requested dates
2026-05-08T17:21:44+00:00,63668683,Hotel JJH,2026-05-08,72.00,SGD,dom,1,
2026-05-08T17:21:44+00:00,45214534,Amrise Hotel Kitchener,2026-05-08,74.00,SGD,dom,1,
2026-05-08T17:21:44+00:00,59828233,A Hotel Bugis,2026-05-08,87.00,SGD,dom,1,
2026-05-08T17:21:44+00:00,79994438,A Hotel Farrer Park,2026-05-08,72.00,SGD,dom,1,
2026-05-08T17:21:44+00:00,59798370,A Hotel Dickson,2026-05-08,58.00,SGD,dom,1,
2026-05-08T17:21:44+00:00,41984142,ST Signature Bugis Middle,2026-05-08,87.00,SGD,dom,1,
2026-05-08T17:21:44+00:00,90401,Link Hotel,2026-05-08,83.00,SGD,dom,1,
